-- MySQL Script generated by MySQL Workbench
-- Wed Jul 15 00:49:36 2015
-- Model: New Model    Version: 1.0
SET @OLD_UNIQUE_CHECKS=@@UNIQUE_CHECKS, UNIQUE_CHECKS=0;
SET @OLD_FOREIGN_KEY_CHECKS=@@FOREIGN_KEY_CHECKS, FOREIGN_KEY_CHECKS=0;
SET @OLD_SQL_MODE=@@SQL_MODE, SQL_MODE='TRADITIONAL,ALLOW_INVALID_DATES';

-- -----------------------------------------------------
-- Schema mydb
-- -----------------------------------------------------
-- -----------------------------------------------------
-- Schema Equipment_Reservation_Database
-- -----------------------------------------------------
DROP SCHEMA IF EXISTS `Equipment_Reservation_Database` ;
CREATE SCHEMA IF NOT EXISTS `Equipment_Reservation_Database` DEFAULT CHARACTER SET utf8 ;
USE `Equipment_Reservation_Database` ;

-- -----------------------------------------------------
-- Table `Equipment_Reservation_Database`.`tbl_system`
-- -----------------------------------------------------
DROP TABLE IF EXISTS `Equipment_Reservation_Database`.`tbl_system` ;

CREATE TABLE IF NOT EXISTS `Equipment_Reservation_Database`.`tbl_system` (
  `system_id` INT NOT NULL AUTO_INCREMENT,
  `system_name` VARCHAR(45) NOT NULL,
  `description` VARCHAR(45) NULL,
  PRIMARY KEY (`system_id`))
ENGINE = InnoDB;


-- -----------------------------------------------------
-- Table `Equipment_Reservation_Database`.`tbl_branch`
-- -----------------------------------------------------
DROP TABLE IF EXISTS `Equipment_Reservation_Database`.`tbl_branch` ;

CREATE TABLE IF NOT EXISTS `Equipment_Reservation_Database`.`tbl_branch` (
  `branch_id` INT NOT NULL AUTO_INCREMENT,
  `system_id` INT NOT NULL,
  `branch_name` VARCHAR(45) NOT NULL,
  `description` VARCHAR(255) NULL,
  PRIMARY KEY (`branch_id`),
  INDEX `fk_tbl_branch_tbl_system1_idx` (`system_id` ASC),
  CONSTRAINT `fk_tbl_branch_tbl_system1`
    FOREIGN KEY (`system_id`)
    REFERENCES `Equipment_Reservation_Database`.`tbl_system` (`system_id`)
    ON DELETE NO ACTION
    ON UPDATE NO ACTION)
ENGINE = InnoDB;


-- -----------------------------------------------------
-- Table `Equipment_Reservation_Database`.`tbl_item_status`
-- -----------------------------------------------------
DROP TABLE IF EXISTS `Equipment_Reservation_Database`.`tbl_item_status` ;

CREATE TABLE IF NOT EXISTS `Equipment_Reservation_Database`.`tbl_item_status` (
  `item_status_id` INT NOT NULL AUTO_INCREMENT,
  `branch_id` INT NOT NULL,
  `item_status_name` VARCHAR(45) NOT NULL,
  `available` TINYINT NULL,
  `archived_date` DATETIME NULL,
  PRIMARY KEY (`item_status_id`),
  INDEX `fk_tbl_item_status_tbl_branch1_idx` (`branch_id` ASC),
  CONSTRAINT `fk_tbl_item_status_tbl_branch1`
    FOREIGN KEY (`branch_id`)
    REFERENCES `Equipment_Reservation_Database`.`tbl_branch` (`branch_id`)
    ON DELETE NO ACTION
    ON UPDATE NO ACTION)
ENGINE = InnoDB
DEFAULT CHARACTER SET = utf8;


-- -----------------------------------------------------
-- Table `Equipment_Reservation_Database`.`tbl_item_type`
-- -----------------------------------------------------
DROP TABLE IF EXISTS `Equipment_Reservation_Database`.`tbl_item_type` ;

CREATE TABLE IF NOT EXISTS `Equipment_Reservation_Database`.`tbl_item_type` (
  `item_type_id` INT NOT NULL AUTO_INCREMENT,
  `branch_id` INT NOT NULL,
  `item_type_name` VARCHAR(45) NOT NULL,
  `archived_date` DATETIME NULL,
  PRIMARY KEY (`item_type_id`),
  INDEX `fk_tbl_item_type_tbl_branch1_idx` (`branch_id` ASC),
  CONSTRAINT `fk_tbl_item_type_tbl_branch1`
    FOREIGN KEY (`branch_id`)
    REFERENCES `Equipment_Reservation_Database`.`tbl_branch` (`branch_id`)
    ON DELETE NO ACTION
    ON UPDATE NO ACTION)
ENGINE = InnoDB
DEFAULT CHARACTER SET = utf8;


-- -----------------------------------------------------
-- Table `Equipment_Reservation_Database`.`tbl_item`
-- -----------------------------------------------------
DROP TABLE IF EXISTS `Equipment_Reservation_Database`.`tbl_item` ;

CREATE TABLE IF NOT EXISTS `Equipment_Reservation_Database`.`tbl_item` (
  `item_id` INT NOT NULL AUTO_INCREMENT,
  `branch_id` INT NOT NULL,
  `item_type_id` INT NOT NULL,
  `item_status_id` INT NOT NULL,
  `description` VARCHAR(255) NULL DEFAULT NULL,
  `archived_date` DATETIME NULL,
  PRIMARY KEY (`item_id`),
  INDEX `fk_Equipment_Item_Status1` (`item_status_id` ASC),
  INDEX `fk_Equipment_Item_Type1` (`item_type_id` ASC),
  INDEX `fk_tbl_item_tbl_branch1_idx` (`branch_id` ASC),
  CONSTRAINT `fk_Equipment_Item_Status1`
    FOREIGN KEY (`item_status_id`)
    REFERENCES `Equipment_Reservation_Database`.`tbl_item_status` (`item_status_id`)
    ON DELETE NO ACTION
    ON UPDATE NO ACTION,
  CONSTRAINT `fk_Equipment_Item_Type1`
    FOREIGN KEY (`item_type_id`)
    REFERENCES `Equipment_Reservation_Database`.`tbl_item_type` (`item_type_id`)
    ON DELETE NO ACTION
    ON UPDATE NO ACTION,
  CONSTRAINT `fk_tbl_item_tbl_branch1`
    FOREIGN KEY (`branch_id`)
    REFERENCES `Equipment_Reservation_Database`.`tbl_branch` (`branch_id`)
    ON DELETE NO ACTION
    ON UPDATE NO ACTION)
ENGINE = InnoDB
DEFAULT CHARACTER SET = utf8;


-- -----------------------------------------------------
-- Table `Equipment_Reservation_Database`.`tbl_location`
-- -----------------------------------------------------
DROP TABLE IF EXISTS `Equipment_Reservation_Database`.`tbl_location` ;

CREATE TABLE IF NOT EXISTS `Equipment_Reservation_Database`.`tbl_location` (
  `location_id` INT NOT NULL AUTO_INCREMENT,
  `branch_id` INT NOT NULL,
  `location_name` VARCHAR(45) NOT NULL,
  `archived_date` DATETIME NULL,
  PRIMARY KEY (`location_id`),
  INDEX `fk_tbl_location_tbl_branch1_idx` (`branch_id` ASC),
  CONSTRAINT `fk_tbl_location_tbl_branch1`
    FOREIGN KEY (`branch_id`)
    REFERENCES `Equipment_Reservation_Database`.`tbl_branch` (`branch_id`)
    ON DELETE NO ACTION
    ON UPDATE NO ACTION)
ENGINE = InnoDB
DEFAULT CHARACTER SET = utf8;


-- -----------------------------------------------------
-- Table `Equipment_Reservation_Database`.`tbl_user`
-- -----------------------------------------------------
DROP TABLE IF EXISTS `Equipment_Reservation_Database`.`tbl_user` ;

CREATE TABLE IF NOT EXISTS `Equipment_Reservation_Database`.`tbl_user` (
  `user_id` INT NOT NULL AUTO_INCREMENT,
  `email_address` VARCHAR(45) NOT NULL,
  `last_name` VARCHAR(45) NOT NULL,
  `first_name` VARCHAR(45) NOT NULL,
  PRIMARY KEY (`user_id`))
ENGINE = InnoDB
AUTO_INCREMENT = 3
DEFAULT CHARACTER SET = utf8;


-- -----------------------------------------------------
-- Table `Equipment_Reservation_Database`.`tbl_entity_type`
-- -----------------------------------------------------
DROP TABLE IF EXISTS `Equipment_Reservation_Database`.`tbl_entity_type` ;

CREATE TABLE IF NOT EXISTS `Equipment_Reservation_Database`.`tbl_entity_type` (
  `entity_type_id` INT NOT NULL AUTO_INCREMENT,
  `entity_type_name` VARCHAR(45) NULL DEFAULT NULL,
  PRIMARY KEY (`entity_type_id`))
ENGINE = InnoDB
DEFAULT CHARACTER SET = utf8;


-- -----------------------------------------------------
-- Table `Equipment_Reservation_Database`.`tbl_input_type`
-- -----------------------------------------------------
DROP TABLE IF EXISTS `Equipment_Reservation_Database`.`tbl_input_type` ;

CREATE TABLE IF NOT EXISTS `Equipment_Reservation_Database`.`tbl_input_type` (
  `input_type_id` INT NOT NULL AUTO_INCREMENT,
  `input_type_name` VARCHAR(45) NOT NULL,
  `comparable` TINYINT NOT NULL,
  `visible` TINYINT NOT NULL,
  `description` VARCHAR(45) NULL,
  PRIMARY KEY (`input_type_id`))
ENGINE = InnoDB;


-- -----------------------------------------------------
-- Table `Equipment_Reservation_Database`.`tbl_field_type`
-- -----------------------------------------------------
DROP TABLE IF EXISTS `Equipment_Reservation_Database`.`tbl_field_type` ;

CREATE TABLE IF NOT EXISTS `Equipment_Reservation_Database`.`tbl_field_type` (
  `field_type_id` INT NOT NULL AUTO_INCREMENT,
  `entity_type_id` INT NOT NULL,
  `input_type_id` INT NOT NULL,
  `field_type_name` VARCHAR(45) NOT NULL,
  `description` VARCHAR(45) NULL,
  PRIMARY KEY (`field_type_id`),
  INDEX `fk_tbl_attribute_type_tbl_entity_type1_idx` (`entity_type_id` ASC),
  INDEX `fk_tbl_attribute_type_tbl_input_type1_idx` (`input_type_id` ASC),
  CONSTRAINT `fk_tbl_attribute_type_tbl_entity_type1`
    FOREIGN KEY (`entity_type_id`)
    REFERENCES `Equipment_Reservation_Database`.`tbl_entity_type` (`entity_type_id`)
    ON DELETE NO ACTION
    ON UPDATE NO ACTION,
  CONSTRAINT `fk_tbl_attribute_type_tbl_input_type1`
    FOREIGN KEY (`input_type_id`)
    REFERENCES `Equipment_Reservation_Database`.`tbl_input_type` (`input_type_id`)
    ON DELETE NO ACTION
    ON UPDATE NO ACTION)
ENGINE = InnoDB;


-- -----------------------------------------------------
-- Table `Equipment_Reservation_Database`.`tbl_log`
-- -----------------------------------------------------
DROP TABLE IF EXISTS `Equipment_Reservation_Database`.`tbl_log` ;

CREATE TABLE IF NOT EXISTS `Equipment_Reservation_Database`.`tbl_log` (
  `log_id` INT NOT NULL AUTO_INCREMENT,
  `branch_id` INT NOT NULL,
  `user_id` INT NOT NULL,
  `entity_id` INT NULL DEFAULT NULL,
  `field_type_id` INT NOT NULL,
  `previous_entry` VARCHAR(45) NULL DEFAULT NULL,
  `current_entry` VARCHAR(45) NULL DEFAULT NULL,
  `log_time` DATETIME NULL DEFAULT NULL,
  PRIMARY KEY (`log_id`),
  INDEX `fk_tbl_log_tbl_people1` (`user_id` ASC),
  INDEX `fk_tbl_log_tbl_attribute_type1_idx` (`field_type_id` ASC),
  INDEX `fk_tbl_log_tbl_branch1_idx` (`branch_id` ASC),
  CONSTRAINT `fk_tbl_log_tbl_people1`
    FOREIGN KEY (`user_id`)
    REFERENCES `Equipment_Reservation_Database`.`tbl_user` (`user_id`)
    ON DELETE NO ACTION
    ON UPDATE NO ACTION,
  CONSTRAINT `fk_tbl_log_tbl_attribute_type1`
    FOREIGN KEY (`field_type_id`)
    REFERENCES `Equipment_Reservation_Database`.`tbl_field_type` (`field_type_id`)
    ON DELETE NO ACTION
    ON UPDATE NO ACTION,
  CONSTRAINT `fk_tbl_log_tbl_branch1`
    FOREIGN KEY (`branch_id`)
    REFERENCES `Equipment_Reservation_Database`.`tbl_branch` (`branch_id`)
    ON DELETE NO ACTION
    ON UPDATE NO ACTION)
ENGINE = InnoDB
DEFAULT CHARACTER SET = utf8;


-- -----------------------------------------------------
-- Table `Equipment_Reservation_Database`.`tbl_login`
-- -----------------------------------------------------
DROP TABLE IF EXISTS `Equipment_Reservation_Database`.`tbl_login` ;

CREATE TABLE IF NOT EXISTS `Equipment_Reservation_Database`.`tbl_login` (
  `user_id` INT NOT NULL,
  `password` VARCHAR(255) NULL DEFAULT NULL,
  PRIMARY KEY (`user_id`),
  INDEX `fk_login_people1_idx` (`user_id` ASC),
  CONSTRAINT `fk_login_people1`
    FOREIGN KEY (`user_id`)
    REFERENCES `Equipment_Reservation_Database`.`tbl_user` (`user_id`)
    ON DELETE NO ACTION
    ON UPDATE NO ACTION)
ENGINE = InnoDB
DEFAULT CHARACTER SET = utf8;


-- -----------------------------------------------------
-- Table `Equipment_Reservation_Database`.`tbl_user_role`
-- -----------------------------------------------------
DROP TABLE IF EXISTS `Equipment_Reservation_Database`.`tbl_user_role` ;

CREATE TABLE IF NOT EXISTS `Equipment_Reservation_Database`.`tbl_user_role` (
  `user_role_id` INT NOT NULL AUTO_INCREMENT,
  `user_role_name` VARCHAR(45) NOT NULL,
  `user_role_rank` VARCHAR(45) NOT NULL,
  PRIMARY KEY (`user_role_id`))
ENGINE = InnoDB
AUTO_INCREMENT = 3
DEFAULT CHARACTER SET = utf8;


-- -----------------------------------------------------
-- Table `Equipment_Reservation_Database`.`tbl_reservation_status`
-- -----------------------------------------------------
DROP TABLE IF EXISTS `Equipment_Reservation_Database`.`tbl_reservation_status` ;

CREATE TABLE IF NOT EXISTS `Equipment_Reservation_Database`.`tbl_reservation_status` (
  `reservation_status_id` INT NOT NULL AUTO_INCREMENT,
  `reservation_status_name` VARCHAR(45) NOT NULL,
  PRIMARY KEY (`reservation_status_id`))
ENGINE = InnoDB
AUTO_INCREMENT = 3
DEFAULT CHARACTER SET = utf8;


-- -----------------------------------------------------
-- Table `Equipment_Reservation_Database`.`tbl_reservation`
-- -----------------------------------------------------
DROP TABLE IF EXISTS `Equipment_Reservation_Database`.`tbl_reservation` ;

CREATE TABLE IF NOT EXISTS `Equipment_Reservation_Database`.`tbl_reservation` (
  `reservation_id` INT NOT NULL AUTO_INCREMENT,
  `branch_id` INT NOT NULL,
  `user_id` INT NOT NULL,
  `beginning_date` DATETIME NOT NULL,
  `end_date` DATETIME NOT NULL,
  `location_id` INT NOT NULL,
  `reservation_status_id` INT NOT NULL,
  `reservation_notes` VARCHAR(255) NULL DEFAULT NULL,
  `archived_date` DATETIME NULL,
  PRIMARY KEY (`reservation_id`),
  INDEX `fk_Reservation_Location1` (`location_id` ASC),
  INDEX `fk_Reservation_People` (`user_id` ASC),
  INDEX `fk_Reservation_Reservation_Status1` (`reservation_status_id` ASC),
  INDEX `fk_tbl_reservation_tbl_branch1_idx` (`branch_id` ASC),
  CONSTRAINT `fk_Reservation_Location1`
    FOREIGN KEY (`location_id`)
    REFERENCES `Equipment_Reservation_Database`.`tbl_location` (`location_id`)
    ON DELETE NO ACTION
    ON UPDATE NO ACTION,
  CONSTRAINT `fk_Reservation_People`
    FOREIGN KEY (`user_id`)
    REFERENCES `Equipment_Reservation_Database`.`tbl_user` (`user_id`)
    ON DELETE NO ACTION
    ON UPDATE NO ACTION,
  CONSTRAINT `fk_Reservation_Reservation_Status1`
    FOREIGN KEY (`reservation_status_id`)
    REFERENCES `Equipment_Reservation_Database`.`tbl_reservation_status` (`reservation_status_id`)
    ON DELETE NO ACTION
    ON UPDATE NO ACTION,
  CONSTRAINT `fk_tbl_reservation_tbl_branch1`
    FOREIGN KEY (`branch_id`)
    REFERENCES `Equipment_Reservation_Database`.`tbl_branch` (`branch_id`)
    ON DELETE NO ACTION
    ON UPDATE NO ACTION)
ENGINE = InnoDB
DEFAULT CHARACTER SET = utf8;


-- -----------------------------------------------------
-- Table `Equipment_Reservation_Database`.`tbl_reservation_has_item`
-- -----------------------------------------------------
DROP TABLE IF EXISTS `Equipment_Reservation_Database`.`tbl_reservation_has_item` ;

CREATE TABLE IF NOT EXISTS `Equipment_Reservation_Database`.`tbl_reservation_has_item` (
  `reservation_has_item_id` INT NOT NULL AUTO_INCREMENT,
  `reservation_id` INT NOT NULL,
  `item_id` INT NOT NULL,
  INDEX `fk_Reservation_Items_Equipment1` (`item_id` ASC),
  INDEX `fk_Reservation_Items_Reservation1` (`reservation_id` ASC),
  PRIMARY KEY (`reservation_has_item_id`),
  CONSTRAINT `fk_Reservation_Items_Equipment1`
    FOREIGN KEY (`item_id`)
    REFERENCES `Equipment_Reservation_Database`.`tbl_item` (`item_id`)
    ON DELETE NO ACTION
    ON UPDATE NO ACTION,
  CONSTRAINT `fk_Reservation_Items_Reservation1`
    FOREIGN KEY (`reservation_id`)
    REFERENCES `Equipment_Reservation_Database`.`tbl_reservation` (`reservation_id`)
    ON DELETE NO ACTION
    ON UPDATE NO ACTION)
ENGINE = InnoDB
DEFAULT CHARACTER SET = utf8;


-- -----------------------------------------------------
-- Table `Equipment_Reservation_Database`.`tbl_branch_has_user`
-- -----------------------------------------------------
DROP TABLE IF EXISTS `Equipment_Reservation_Database`.`tbl_branch_has_user` ;

CREATE TABLE IF NOT EXISTS `Equipment_Reservation_Database`.`tbl_branch_has_user` (
  `branch_has_user_id` INT NOT NULL AUTO_INCREMENT,
  `branch_id` INT NOT NULL,
  `user_id` INT NOT NULL,
  `user_role_id` INT NOT NULL,
  `archived_date` DATETIME NULL,
  PRIMARY KEY (`branch_has_user_id`),
  INDEX `fk_tbl_reservation_system_has_user_tbl_user1_idx` (`user_id` ASC),
  INDEX `fk_tbl_reservation_system_has_user_tbl_reservation_system1_idx` (`branch_id` ASC),
  INDEX `fk_tbl_branch_has_user_tbl_user_role1_idx` (`user_role_id` ASC),
  CONSTRAINT `fk_tbl_reservation_system_has_user_tbl_user1`
    FOREIGN KEY (`user_id`)
    REFERENCES `Equipment_Reservation_Database`.`tbl_user` (`user_id`)
    ON DELETE NO ACTION
    ON UPDATE NO ACTION,
  CONSTRAINT `fk_tbl_reservation_system_has_user_tbl_reservation_system1`
    FOREIGN KEY (`branch_id`)
    REFERENCES `Equipment_Reservation_Database`.`tbl_branch` (`branch_id`)
    ON DELETE NO ACTION
    ON UPDATE NO ACTION,
  CONSTRAINT `fk_tbl_branch_has_user_tbl_user_role1`
    FOREIGN KEY (`user_role_id`)
    REFERENCES `Equipment_Reservation_Database`.`tbl_user_role` (`user_role_id`)
    ON DELETE NO ACTION
    ON UPDATE NO ACTION)
ENGINE = InnoDB;


-- -----------------------------------------------------
-- Table `Equipment_Reservation_Database`.`tbl_access`
-- -----------------------------------------------------
DROP TABLE IF EXISTS `Equipment_Reservation_Database`.`tbl_access` ;

CREATE TABLE IF NOT EXISTS `Equipment_Reservation_Database`.`tbl_access` (
  `access_id` INT NOT NULL AUTO_INCREMENT,
  `controller_name` VARCHAR(45) NOT NULL,
  `action_name` VARCHAR(45) NOT NULL,
  `display_name` VARCHAR(45) NOT NULL,
  `visible` TINYINT NOT NULL,
  PRIMARY KEY (`access_id`))
ENGINE = InnoDB;


-- -----------------------------------------------------
-- Table `Equipment_Reservation_Database`.`tbl_user_role_has_access`
-- -----------------------------------------------------
DROP TABLE IF EXISTS `Equipment_Reservation_Database`.`tbl_user_role_has_access` ;

CREATE TABLE IF NOT EXISTS `Equipment_Reservation_Database`.`tbl_user_role_has_access` (
  `user_role_has_access_id` INT NOT NULL AUTO_INCREMENT,
  `user_role_id` INT NOT NULL,
  `access_id` INT NOT NULL,
  PRIMARY KEY (`user_role_has_access_id`),
  INDEX `fk_tbl_viewer_right_has_user_role_tbl_viewer_right1_idx` (`access_id` ASC),
  INDEX `fk_tbl_viewer_right_has_user_role_tbl_user_role1_idx` (`user_role_id` ASC),
  CONSTRAINT `fk_tbl_viewer_right_has_user_role_tbl_viewer_right1`
    FOREIGN KEY (`access_id`)
    REFERENCES `Equipment_Reservation_Database`.`tbl_access` (`access_id`)
    ON DELETE NO ACTION
    ON UPDATE NO ACTION,
  CONSTRAINT `fk_tbl_viewer_right_has_user_role_tbl_user_role1`
    FOREIGN KEY (`user_role_id`)
    REFERENCES `Equipment_Reservation_Database`.`tbl_user_role` (`user_role_id`)
    ON DELETE NO ACTION
    ON UPDATE NO ACTION)
ENGINE = InnoDB;


-- -----------------------------------------------------
-- Table `Equipment_Reservation_Database`.`tbl_branch_has_access`
-- -----------------------------------------------------
DROP TABLE IF EXISTS `Equipment_Reservation_Database`.`tbl_branch_has_access` ;

CREATE TABLE IF NOT EXISTS `Equipment_Reservation_Database`.`tbl_branch_has_access` (
  `branch_has_access_id` INT NOT NULL AUTO_INCREMENT,
  `branch_id` INT NOT NULL,
  `access_id` INT NOT NULL,
  `archived_date` DATETIME NULL,
  PRIMARY KEY (`branch_has_access_id`),
  INDEX `fk_tbl_reservation_system_has_viewer_right_tbl_reservation__idx` (`branch_id` ASC),
  INDEX `fk_tbl_reservation_system_has_viewer_right_tbl_viewer_right_idx` (`access_id` ASC),
  CONSTRAINT `fk_tbl_reservation_system_has_viewer_right_tbl_reservation_sy1`
    FOREIGN KEY (`branch_id`)
    REFERENCES `Equipment_Reservation_Database`.`tbl_branch` (`branch_id`)
    ON DELETE NO ACTION
    ON UPDATE NO ACTION,
  CONSTRAINT `fk_tbl_reservation_system_has_viewer_right_tbl_viewer_right1`
    FOREIGN KEY (`access_id`)
    REFERENCES `Equipment_Reservation_Database`.`tbl_access` (`access_id`)
    ON DELETE NO ACTION
    ON UPDATE NO ACTION)
ENGINE = InnoDB;


-- -----------------------------------------------------
-- Table `Equipment_Reservation_Database`.`tbl_setting_type`
-- -----------------------------------------------------
DROP TABLE IF EXISTS `Equipment_Reservation_Database`.`tbl_setting_type` ;

CREATE TABLE IF NOT EXISTS `Equipment_Reservation_Database`.`tbl_setting_type` (
  `setting_type_id` INT NOT NULL,
  `input_type_id` INT NOT NULL,
  `setting_type_name` VARCHAR(45) NOT NULL,
  `description` VARCHAR(255) NULL,
  PRIMARY KEY (`setting_type_id`),
  INDEX `fk_tbl_setting_type_tbl_input_type1_idx` (`input_type_id` ASC),
  CONSTRAINT `fk_tbl_setting_type_tbl_input_type1`
    FOREIGN KEY (`input_type_id`)
    REFERENCES `Equipment_Reservation_Database`.`tbl_input_type` (`input_type_id`)
    ON DELETE NO ACTION
    ON UPDATE NO ACTION)
ENGINE = InnoDB;


-- -----------------------------------------------------
-- Table `Equipment_Reservation_Database`.`tbl_setting`
-- -----------------------------------------------------
DROP TABLE IF EXISTS `Equipment_Reservation_Database`.`tbl_setting` ;

CREATE TABLE IF NOT EXISTS `Equipment_Reservation_Database`.`tbl_setting` (
  `setting_id` INT NOT NULL AUTO_INCREMENT,
  `branch_id` INT NOT NULL,
  `setting_type_id` INT NOT NULL,
  `setting_name` VARCHAR(45) NULL,
  `setting_value` VARCHAR(45) NULL,
  `setting_attribute` VARCHAR(45) NULL,
  `setting_activated` INT(1) NOT NULL,
  PRIMARY KEY (`setting_id`),
  INDEX `fk_tbl_rule_tbl_rule_type1_idx` (`setting_type_id` ASC),
  INDEX `fk_tbl_setting_tbl_branch1_idx` (`branch_id` ASC),
  CONSTRAINT `fk_tbl_rule_tbl_rule_type1`
    FOREIGN KEY (`setting_type_id`)
    REFERENCES `Equipment_Reservation_Database`.`tbl_setting_type` (`setting_type_id`)
    ON DELETE NO ACTION
    ON UPDATE NO ACTION,
  CONSTRAINT `fk_tbl_setting_tbl_branch1`
    FOREIGN KEY (`branch_id`)
    REFERENCES `Equipment_Reservation_Database`.`tbl_branch` (`branch_id`)
    ON DELETE NO ACTION
    ON UPDATE NO ACTION)
ENGINE = InnoDB;


-- -----------------------------------------------------
-- Table `Equipment_Reservation_Database`.`tbl_branch_has_field_type`
-- -----------------------------------------------------
DROP TABLE IF EXISTS `Equipment_Reservation_Database`.`tbl_branch_has_field_type` ;

CREATE TABLE IF NOT EXISTS `Equipment_Reservation_Database`.`tbl_branch_has_field_type` (
  `branch_has_field_type_id` INT NOT NULL AUTO_INCREMENT,
  `branch_id` INT NOT NULL,
  `field_type_id` INT NOT NULL,
  `archived_date` DATETIME NULL,
  PRIMARY KEY (`branch_has_field_type_id`),
  INDEX `fk_tbl_system_has_attribute_type_tbl_system1_idx` (`branch_id` ASC),
  INDEX `fk_tbl_system_has_attribute_type_tbl_attribute_type1_idx` (`field_type_id` ASC),
  CONSTRAINT `fk_tbl_system_has_attribute_type_tbl_system1`
    FOREIGN KEY (`branch_id`)
    REFERENCES `Equipment_Reservation_Database`.`tbl_branch` (`branch_id`)
    ON DELETE NO ACTION
    ON UPDATE NO ACTION,
  CONSTRAINT `fk_tbl_system_has_attribute_type_tbl_attribute_type1`
    FOREIGN KEY (`field_type_id`)
    REFERENCES `Equipment_Reservation_Database`.`tbl_field_type` (`field_type_id`)
    ON DELETE NO ACTION
    ON UPDATE NO ACTION)
ENGINE = InnoDB;


-- -----------------------------------------------------
-- Table `Equipment_Reservation_Database`.`tbl_field`
-- -----------------------------------------------------
DROP TABLE IF EXISTS `Equipment_Reservation_Database`.`tbl_field` ;

CREATE TABLE IF NOT EXISTS `Equipment_Reservation_Database`.`tbl_field` (
  `field_id` INT NOT NULL AUTO_INCREMENT,
  `field_type_id` INT NOT NULL,
  `field_value` VARCHAR(45) NULL,
  PRIMARY KEY (`field_id`),
  INDEX `fk_tbl_attribute_tbl_attribute_type1_idx` (`field_type_id` ASC),
  CONSTRAINT `fk_tbl_attribute_tbl_attribute_type1`
    FOREIGN KEY (`field_type_id`)
    REFERENCES `Equipment_Reservation_Database`.`tbl_field_type` (`field_type_id`)
    ON DELETE NO ACTION
    ON UPDATE NO ACTION)
ENGINE = InnoDB;


-- -----------------------------------------------------
-- Table `Equipment_Reservation_Database`.`tbl_item_has_field`
-- -----------------------------------------------------
DROP TABLE IF EXISTS `Equipment_Reservation_Database`.`tbl_item_has_field` ;

CREATE TABLE IF NOT EXISTS `Equipment_Reservation_Database`.`tbl_item_has_field` (
  `item_has_field_id` INT NOT NULL AUTO_INCREMENT,
  `item_id` INT NOT NULL,
  `field_id` INT NOT NULL,
  PRIMARY KEY (`item_has_field_id`),
  INDEX `fk_tbl_item_has_attribute_tbl_item1_idx` (`item_id` ASC),
  INDEX `fk_tbl_item_has_attribute_tbl_attribute1_idx` (`field_id` ASC),
  CONSTRAINT `fk_tbl_item_has_attribute_tbl_item1`
    FOREIGN KEY (`item_id`)
    REFERENCES `Equipment_Reservation_Database`.`tbl_item` (`item_id`)
    ON DELETE NO ACTION
    ON UPDATE NO ACTION,
  CONSTRAINT `fk_tbl_item_has_attribute_tbl_attribute1`
    FOREIGN KEY (`field_id`)
    REFERENCES `Equipment_Reservation_Database`.`tbl_field` (`field_id`)
    ON DELETE NO ACTION
    ON UPDATE NO ACTION)
ENGINE = InnoDB;


-- -----------------------------------------------------
-- Table `Equipment_Reservation_Database`.`tbl_reservation_has_field`
-- -----------------------------------------------------
DROP TABLE IF EXISTS `Equipment_Reservation_Database`.`tbl_reservation_has_field` ;

CREATE TABLE IF NOT EXISTS `Equipment_Reservation_Database`.`tbl_reservation_has_field` (
  `reservation_has_field_id` INT NOT NULL AUTO_INCREMENT,
  `reservation_id` INT NOT NULL,
  `field_id` INT NOT NULL,
  PRIMARY KEY (`reservation_has_field_id`),
  INDEX `fk_tbl_reservation_has_attribute_tbl_reservation1_idx` (`reservation_id` ASC),
  INDEX `fk_tbl_reservation_has_attribute_tbl_attribute1_idx` (`field_id` ASC),
  CONSTRAINT `fk_tbl_reservation_has_attribute_tbl_reservation1`
    FOREIGN KEY (`reservation_id`)
    REFERENCES `Equipment_Reservation_Database`.`tbl_reservation` (`reservation_id`)
    ON DELETE NO ACTION
    ON UPDATE NO ACTION,
  CONSTRAINT `fk_tbl_reservation_has_attribute_tbl_attribute1`
    FOREIGN KEY (`field_id`)
    REFERENCES `Equipment_Reservation_Database`.`tbl_field` (`field_id`)
    ON DELETE NO ACTION
    ON UPDATE NO ACTION)
ENGINE = InnoDB;


-- -----------------------------------------------------
-- Table `Equipment_Reservation_Database`.`tbl_location_has_field`
-- -----------------------------------------------------
DROP TABLE IF EXISTS `Equipment_Reservation_Database`.`tbl_location_has_field` ;

CREATE TABLE IF NOT EXISTS `Equipment_Reservation_Database`.`tbl_location_has_field` (
  `location_has_field_id` INT NOT NULL AUTO_INCREMENT,
  `location_id` INT NOT NULL,
  `field_id` INT NOT NULL,
  PRIMARY KEY (`location_has_field_id`),
  INDEX `fk_tbl_location_has_attribute_tbl_location1_idx` (`location_id` ASC),
  INDEX `fk_tbl_location_has_attribute_tbl_attribute1_idx` (`field_id` ASC),
  CONSTRAINT `fk_tbl_location_has_attribute_tbl_location1`
    FOREIGN KEY (`location_id`)
    REFERENCES `Equipment_Reservation_Database`.`tbl_location` (`location_id`)
    ON DELETE NO ACTION
    ON UPDATE NO ACTION,
  CONSTRAINT `fk_tbl_location_has_attribute_tbl_attribute1`
    FOREIGN KEY (`field_id`)
    REFERENCES `Equipment_Reservation_Database`.`tbl_field` (`field_id`)
    ON DELETE NO ACTION
    ON UPDATE NO ACTION)
ENGINE = InnoDB;


-- -----------------------------------------------------
-- Table `Equipment_Reservation_Database`.`tbl_user_has_field`
-- -----------------------------------------------------
DROP TABLE IF EXISTS `Equipment_Reservation_Database`.`tbl_user_has_field` ;

CREATE TABLE IF NOT EXISTS `Equipment_Reservation_Database`.`tbl_user_has_field` (
  `user_has_field_id` INT NOT NULL AUTO_INCREMENT,
  `user_id` INT NOT NULL,
  `field_id` INT NOT NULL,
  PRIMARY KEY (`user_has_field_id`),
  INDEX `fk_tbl_user_has_attribute_tbl_user1_idx` (`user_id` ASC),
  INDEX `fk_tbl_user_has_attribute_tbl_attribute1_idx` (`field_id` ASC),
  CONSTRAINT `fk_tbl_user_has_attribute_tbl_user1`
    FOREIGN KEY (`user_id`)
    REFERENCES `Equipment_Reservation_Database`.`tbl_user` (`user_id`)
    ON DELETE NO ACTION
    ON UPDATE NO ACTION,
  CONSTRAINT `fk_tbl_user_has_attribute_tbl_attribute1`
    FOREIGN KEY (`field_id`)
    REFERENCES `Equipment_Reservation_Database`.`tbl_field` (`field_id`)
    ON DELETE NO ACTION
    ON UPDATE NO ACTION)
ENGINE = InnoDB;


-- -----------------------------------------------------
-- Table `Equipment_Reservation_Database`.`tbl_item_status_has_field`
-- -----------------------------------------------------
DROP TABLE IF EXISTS `Equipment_Reservation_Database`.`tbl_item_status_has_field` ;

CREATE TABLE IF NOT EXISTS `Equipment_Reservation_Database`.`tbl_item_status_has_field` (
  `item_status_has_field_id` INT NOT NULL AUTO_INCREMENT,
  `item_status_id` INT NOT NULL,
  `field_id` INT NOT NULL,
  PRIMARY KEY (`item_status_has_field_id`),
  INDEX `fk_tbl_item_status_has_attribute_tbl_item_status1_idx` (`item_status_id` ASC),
  INDEX `fk_tbl_item_status_has_attribute_tbl_attribute1_idx` (`field_id` ASC),
  CONSTRAINT `fk_tbl_item_status_has_attribute_tbl_item_status1`
    FOREIGN KEY (`item_status_id`)
    REFERENCES `Equipment_Reservation_Database`.`tbl_item_status` (`item_status_id`)
    ON DELETE NO ACTION
    ON UPDATE NO ACTION,
  CONSTRAINT `fk_tbl_item_status_has_attribute_tbl_attribute1`
    FOREIGN KEY (`field_id`)
    REFERENCES `Equipment_Reservation_Database`.`tbl_field` (`field_id`)
    ON DELETE NO ACTION
    ON UPDATE NO ACTION)
ENGINE = InnoDB;


-- -----------------------------------------------------
-- Table `Equipment_Reservation_Database`.`tbl_item_type_has_field`
-- -----------------------------------------------------
DROP TABLE IF EXISTS `Equipment_Reservation_Database`.`tbl_item_type_has_field` ;

CREATE TABLE IF NOT EXISTS `Equipment_Reservation_Database`.`tbl_item_type_has_field` (
  `item_type_has_field_id` INT NOT NULL AUTO_INCREMENT,
  `item_type_id` INT NOT NULL,
  `field_id` INT NOT NULL,
  PRIMARY KEY (`item_type_has_field_id`),
  INDEX `fk_tbl_item_type_has_attibute_tbl_item_type1_idx` (`item_type_id` ASC),
  INDEX `fk_tbl_item_type_has_attibute_tbl_attribute1_idx` (`field_id` ASC),
  CONSTRAINT `fk_tbl_item_type_has_attibute_tbl_item_type1`
    FOREIGN KEY (`item_type_id`)
    REFERENCES `Equipment_Reservation_Database`.`tbl_item_type` (`item_type_id`)
    ON DELETE NO ACTION
    ON UPDATE NO ACTION,
  CONSTRAINT `fk_tbl_item_type_has_attibute_tbl_attribute1`
    FOREIGN KEY (`field_id`)
    REFERENCES `Equipment_Reservation_Database`.`tbl_field` (`field_id`)
    ON DELETE NO ACTION
    ON UPDATE NO ACTION)
ENGINE = InnoDB;


-- -----------------------------------------------------
-- Table `Equipment_Reservation_Database`.`tbl_system_has_user`
-- -----------------------------------------------------
DROP TABLE IF EXISTS `Equipment_Reservation_Database`.`tbl_system_has_user` ;

CREATE TABLE IF NOT EXISTS `Equipment_Reservation_Database`.`tbl_system_has_user` (
  `system_has_user` INT NOT NULL AUTO_INCREMENT,
  `system_id` INT NOT NULL,
  `user_id` INT NOT NULL,
  `user_role_id` INT NOT NULL,
  PRIMARY KEY (`system_has_user`),
  INDEX `fk_tbl_system_has_user_tbl_system1_idx` (`system_id` ASC),
  INDEX `fk_tbl_system_has_user_tbl_user1_idx` (`user_id` ASC),
  INDEX `fk_tbl_system_has_user_tbl_user_role1_idx` (`user_role_id` ASC),
  CONSTRAINT `fk_tbl_system_has_user_tbl_system1`
    FOREIGN KEY (`system_id`)
    REFERENCES `Equipment_Reservation_Database`.`tbl_system` (`system_id`)
    ON DELETE NO ACTION
    ON UPDATE NO ACTION,
  CONSTRAINT `fk_tbl_system_has_user_tbl_user1`
    FOREIGN KEY (`user_id`)
    REFERENCES `Equipment_Reservation_Database`.`tbl_user` (`user_id`)
    ON DELETE NO ACTION
    ON UPDATE NO ACTION,
  CONSTRAINT `fk_tbl_system_has_user_tbl_user_role1`
    FOREIGN KEY (`user_role_id`)
    REFERENCES `Equipment_Reservation_Database`.`tbl_user_role` (`user_role_id`)
    ON DELETE NO ACTION
    ON UPDATE NO ACTION)
ENGINE = InnoDB;


-- -----------------------------------------------------
-- Table `Equipment_Reservation_Database`.`tbl_module`
-- -----------------------------------------------------
DROP TABLE IF EXISTS `Equipment_Reservation_Database`.`tbl_module` ;

CREATE TABLE IF NOT EXISTS `Equipment_Reservation_Database`.`tbl_module` (
  `module_id` INT NOT NULL AUTO_INCREMENT,
  `module_name` VARCHAR(45) NOT NULL,
  `description` VARCHAR(45) NOT NULL,
  PRIMARY KEY (`module_id`))
ENGINE = InnoDB;


-- -----------------------------------------------------
-- Table `Equipment_Reservation_Database`.`tbl_branch_has_module`
-- -----------------------------------------------------
DROP TABLE IF EXISTS `Equipment_Reservation_Database`.`tbl_branch_has_module` ;

CREATE TABLE IF NOT EXISTS `Equipment_Reservation_Database`.`tbl_branch_has_module` (
  `branch_has_module_id` INT NOT NULL AUTO_INCREMENT,
  `module_id` INT NOT NULL,
  `branch_id` INT NOT NULL,
  INDEX `fk_tbl_system_has_module_tbl_module1_idx` (`module_id` ASC),
  PRIMARY KEY (`branch_has_module_id`),
  INDEX `fk_tbl_branch_has_module_tbl_branch1_idx` (`branch_id` ASC),
  CONSTRAINT `fk_tbl_system_has_module_tbl_module1`
    FOREIGN KEY (`module_id`)
    REFERENCES `Equipment_Reservation_Database`.`tbl_module` (`module_id`)
    ON DELETE NO ACTION
    ON UPDATE NO ACTION,
  CONSTRAINT `fk_tbl_branch_has_module_tbl_branch1`
    FOREIGN KEY (`branch_id`)
    REFERENCES `Equipment_Reservation_Database`.`tbl_branch` (`branch_id`)
    ON DELETE NO ACTION
    ON UPDATE NO ACTION)
ENGINE = InnoDB;


-- -----------------------------------------------------
-- Table `Equipment_Reservation_Database`.`tbl_branch_has_user_role`
-- -----------------------------------------------------
DROP TABLE IF EXISTS `Equipment_Reservation_Database`.`tbl_branch_has_user_role` ;

CREATE TABLE IF NOT EXISTS `Equipment_Reservation_Database`.`tbl_branch_has_user_role` (
  `branch_has_user_role_id` INT NOT NULL AUTO_INCREMENT,
  `branch_id` INT NOT NULL,
  `user_role_id` INT NOT NULL,
  `archived_date` DATETIME NULL,
  INDEX `fk_tbl_branch_has_user_role_tbl_branch1_idx` (`branch_id` ASC),
  INDEX `fk_tbl_branch_has_user_role_tbl_user_role1_idx` (`user_role_id` ASC),
  PRIMARY KEY (`branch_has_user_role_id`),
  CONSTRAINT `fk_tbl_branch_has_user_role_tbl_branch1`
    FOREIGN KEY (`branch_id`)
    REFERENCES `Equipment_Reservation_Database`.`tbl_branch` (`branch_id`)
    ON DELETE NO ACTION
    ON UPDATE NO ACTION,
  CONSTRAINT `fk_tbl_branch_has_user_role_tbl_user_role1`
    FOREIGN KEY (`user_role_id`)
    REFERENCES `Equipment_Reservation_Database`.`tbl_user_role` (`user_role_id`)
    ON DELETE NO ACTION
    ON UPDATE NO ACTION)
ENGINE = InnoDB;


-- -----------------------------------------------------
-- Table `Equipment_Reservation_Database`.`tbl_agreement`
-- -----------------------------------------------------
DROP TABLE IF EXISTS `Equipment_Reservation_Database`.`tbl_agreement` ;

CREATE TABLE IF NOT EXISTS `Equipment_Reservation_Database`.`tbl_agreement` (
  `agreement_id` INT NOT NULL AUTO_INCREMENT,
  `branch_id` INT NOT NULL,
  `agreement_name` VARCHAR(45) NOT NULL,
  `agreement_value` VARCHAR(512) NOT NULL,
  `archived_date` DATETIME NULL,
  PRIMARY KEY (`agreement_id`),
  INDEX `fk_tbl_agreement_tbl_branch1_idx` (`branch_id` ASC),
  CONSTRAINT `fk_tbl_agreement_tbl_branch1`
    FOREIGN KEY (`branch_id`)
    REFERENCES `Equipment_Reservation_Database`.`tbl_branch` (`branch_id`)
    ON DELETE NO ACTION
    ON UPDATE NO ACTION)
ENGINE = InnoDB;


-- -----------------------------------------------------
-- Table `Equipment_Reservation_Database`.`tbl_report`
-- -----------------------------------------------------
DROP TABLE IF EXISTS `Equipment_Reservation_Database`.`tbl_report` ;

CREATE TABLE IF NOT EXISTS `Equipment_Reservation_Database`.`tbl_report` (
  `report_id` INT NOT NULL AUTO_INCREMENT,
  `branch_id` INT NOT NULL,
  `report_name` VARCHAR(45) NOT NULL,
  PRIMARY KEY (`report_id`),
  INDEX `fk_tbl_report_tbl_branch1_idx` (`branch_id` ASC),
  CONSTRAINT `fk_tbl_report_tbl_branch1`
    FOREIGN KEY (`branch_id`)
    REFERENCES `Equipment_Reservation_Database`.`tbl_branch` (`branch_id`)
    ON DELETE NO ACTION
    ON UPDATE NO ACTION)
ENGINE = InnoDB;


-- -----------------------------------------------------
-- Table `Equipment_Reservation_Database`.`tbl_report_criteria`
-- -----------------------------------------------------
DROP TABLE IF EXISTS `Equipment_Reservation_Database`.`tbl_report_criteria` ;

CREATE TABLE IF NOT EXISTS `Equipment_Reservation_Database`.`tbl_report_criteria` (
  `report_criteria_id` INT NOT NULL AUTO_INCREMENT,
  `report_id` INT NOT NULL,
  `field_name` VARCHAR(45) NOT NULL,
  `field_value` VARCHAR(45) NOT NULL,
  PRIMARY KEY (`report_criteria_id`),
  INDEX `fk_tbl_report_criteria_tbl_report1_idx` (`report_id` ASC),
  CONSTRAINT `fk_tbl_report_criteria_tbl_report1`
    FOREIGN KEY (`report_id`)
    REFERENCES `Equipment_Reservation_Database`.`tbl_report` (`report_id`)
    ON DELETE NO ACTION
    ON UPDATE NO ACTION)
ENGINE = InnoDB;


SET SQL_MODE=@OLD_SQL_MODE;
SET FOREIGN_KEY_CHECKS=@OLD_FOREIGN_KEY_CHECKS;
SET UNIQUE_CHECKS=@OLD_UNIQUE_CHECKS;

-- -----------------------------------------------------
-- Data for table `Equipment_Reservation_Database`.`tbl_system`
-- -----------------------------------------------------
START TRANSACTION;
USE `Equipment_Reservation_Database`;
INSERT INTO `Equipment_Reservation_Database`.`tbl_system` (`system_id`, `system_name`, `description`) VALUES (1, 'Stetson', 'The university');

COMMIT;


-- -----------------------------------------------------
-- Data for table `Equipment_Reservation_Database`.`tbl_branch`
-- -----------------------------------------------------
START TRANSACTION;
USE `Equipment_Reservation_Database`;
INSERT INTO `Equipment_Reservation_Database`.`tbl_branch` (`branch_id`, `system_id`, `branch_name`, `description`) VALUES (1, 1, 'IT Department', NULL);

COMMIT;


-- -----------------------------------------------------
-- Data for table `Equipment_Reservation_Database`.`tbl_user`
-- -----------------------------------------------------
START TRANSACTION;
USE `Equipment_Reservation_Database`;
INSERT INTO `Equipment_Reservation_Database`.`tbl_user` (`user_id`, `email_address`, `last_name`, `first_name`) VALUES (1, 'admin@xeres.io', 'Last', 'First');
INSERT INTO `Equipment_Reservation_Database`.`tbl_user` (`user_id`, `email_address`, `last_name`, `first_name`) VALUES (2, 'user@stetson.edu', 'Burhus', 'Don');

COMMIT;


-- -----------------------------------------------------
-- Data for table `Equipment_Reservation_Database`.`tbl_entity_type`
-- -----------------------------------------------------
START TRANSACTION;
USE `Equipment_Reservation_Database`;
INSERT INTO `Equipment_Reservation_Database`.`tbl_entity_type` (`entity_type_id`, `entity_type_name`) VALUES (1, 'Access');
INSERT INTO `Equipment_Reservation_Database`.`tbl_entity_type` (`entity_type_id`, `entity_type_name`) VALUES (2, 'Attribute');
INSERT INTO `Equipment_Reservation_Database`.`tbl_entity_type` (`entity_type_id`, `entity_type_name`) VALUES (3, 'Attribute Type');
INSERT INTO `Equipment_Reservation_Database`.`tbl_entity_type` (`entity_type_id`, `entity_type_name`) VALUES (4, 'Branch');
INSERT INTO `Equipment_Reservation_Database`.`tbl_entity_type` (`entity_type_id`, `entity_type_name`) VALUES (5, 'Entity Type');
INSERT INTO `Equipment_Reservation_Database`.`tbl_entity_type` (`entity_type_id`, `entity_type_name`) VALUES (6, 'Input Type');
INSERT INTO `Equipment_Reservation_Database`.`tbl_entity_type` (`entity_type_id`, `entity_type_name`) VALUES (7, 'Item');
INSERT INTO `Equipment_Reservation_Database`.`tbl_entity_type` (`entity_type_id`, `entity_type_name`) VALUES (8, 'Item Status');
INSERT INTO `Equipment_Reservation_Database`.`tbl_entity_type` (`entity_type_id`, `entity_type_name`) VALUES (9, 'Item Type');
INSERT INTO `Equipment_Reservation_Database`.`tbl_entity_type` (`entity_type_id`, `entity_type_name`) VALUES (10, 'Location');
INSERT INTO `Equipment_Reservation_Database`.`tbl_entity_type` (`entity_type_id`, `entity_type_name`) VALUES (11, 'Log');
INSERT INTO `Equipment_Reservation_Database`.`tbl_entity_type` (`entity_type_id`, `entity_type_name`) VALUES (12, 'Login');
INSERT INTO `Equipment_Reservation_Database`.`tbl_entity_type` (`entity_type_id`, `entity_type_name`) VALUES (13, 'Module');
INSERT INTO `Equipment_Reservation_Database`.`tbl_entity_type` (`entity_type_id`, `entity_type_name`) VALUES (14, 'Reservation');
INSERT INTO `Equipment_Reservation_Database`.`tbl_entity_type` (`entity_type_id`, `entity_type_name`) VALUES (15, 'Reservation Status');
INSERT INTO `Equipment_Reservation_Database`.`tbl_entity_type` (`entity_type_id`, `entity_type_name`) VALUES (16, 'Setting');
INSERT INTO `Equipment_Reservation_Database`.`tbl_entity_type` (`entity_type_id`, `entity_type_name`) VALUES (17, 'Setting Type');
INSERT INTO `Equipment_Reservation_Database`.`tbl_entity_type` (`entity_type_id`, `entity_type_name`) VALUES (18, 'System');
INSERT INTO `Equipment_Reservation_Database`.`tbl_entity_type` (`entity_type_id`, `entity_type_name`) VALUES (19, 'User');
INSERT INTO `Equipment_Reservation_Database`.`tbl_entity_type` (`entity_type_id`, `entity_type_name`) VALUES (20, 'User Role');

COMMIT;


-- -----------------------------------------------------
-- Data for table `Equipment_Reservation_Database`.`tbl_input_type`
-- -----------------------------------------------------
START TRANSACTION;
USE `Equipment_Reservation_Database`;
INSERT INTO `Equipment_Reservation_Database`.`tbl_input_type` (`input_type_id`, `input_type_name`, `comparable`, `visible`, `description`) VALUES (1, 'Text', 0, 1, 'The input will be text.');
INSERT INTO `Equipment_Reservation_Database`.`tbl_input_type` (`input_type_id`, `input_type_name`, `comparable`, `visible`, `description`) VALUES (2, 'Checkbox', 0, 1, 'The input will be a checkbox representing true or false.');
INSERT INTO `Equipment_Reservation_Database`.`tbl_input_type` (`input_type_id`, `input_type_name`, `comparable`, `visible`, `description`) VALUES (3, 'Date', 1, 1, 'The input will be a date.');
INSERT INTO `Equipment_Reservation_Database`.`tbl_input_type` (`input_type_id`, `input_type_name`, `comparable`, `visible`, `description`) VALUES (4, 'Time', 1, 1, 'The input will be a time.');
INSERT INTO `Equipment_Reservation_Database`.`tbl_input_type` (`input_type_id`, `input_type_name`, `comparable`, `visible`, `description`) VALUES (5, 'Email Address', 0, 1, 'The input will be an email address.');
INSERT INTO `Equipment_Reservation_Database`.`tbl_input_type` (`input_type_id`, `input_type_name`, `comparable`, `visible`, `description`) VALUES (6, 'Phone Number', 0, 1, 'The input will be a phone number.');
INSERT INTO `Equipment_Reservation_Database`.`tbl_input_type` (`input_type_id`, `input_type_name`, `comparable`, `visible`, `description`) VALUES (7, 'Dollar', 1, 1, 'The input will be a dollar amount.');
INSERT INTO `Equipment_Reservation_Database`.`tbl_input_type` (`input_type_id`, `input_type_name`, `comparable`, `visible`, `description`) VALUES (8, 'Amount', 1, 1, 'The input will be a numerical amount.');
INSERT INTO `Equipment_Reservation_Database`.`tbl_input_type` (`input_type_id`, `input_type_name`, `comparable`, `visible`, `description`) VALUES (9, 'Access', 0, 0, 'The input will be a dropdown of access points.');
INSERT INTO `Equipment_Reservation_Database`.`tbl_input_type` (`input_type_id`, `input_type_name`, `comparable`, `visible`, `description`) VALUES (10, 'Field', 0, 0, 'The input will be a dropdown of fields.');
INSERT INTO `Equipment_Reservation_Database`.`tbl_input_type` (`input_type_id`, `input_type_name`, `comparable`, `visible`, `description`) VALUES (11, 'Field Type', 0, 0, 'The input will be a dropdown of field types.');
INSERT INTO `Equipment_Reservation_Database`.`tbl_input_type` (`input_type_id`, `input_type_name`, `comparable`, `visible`, `description`) VALUES (12, 'Branch', 0, 0, 'The input will be a dropdown of branches in a system.');
INSERT INTO `Equipment_Reservation_Database`.`tbl_input_type` (`input_type_id`, `input_type_name`, `comparable`, `visible`, `description`) VALUES (13, 'Entity Type', 0, 0, 'The input will be a dropdown of all of the entity types.');
INSERT INTO `Equipment_Reservation_Database`.`tbl_input_type` (`input_type_id`, `input_type_name`, `comparable`, `visible`, `description`) VALUES (14, 'Input Type', 0, 0, 'The input will be a dropdown of all of the input types.');
INSERT INTO `Equipment_Reservation_Database`.`tbl_input_type` (`input_type_id`, `input_type_name`, `comparable`, `visible`, `description`) VALUES (15, 'Item', 0, 0, 'The input will be a dropdown of all of the items.');
INSERT INTO `Equipment_Reservation_Database`.`tbl_input_type` (`input_type_id`, `input_type_name`, `comparable`, `visible`, `description`) VALUES (16, 'Item Status', 0, 0, 'The input will be a dropdown of all of the item statuses.');
INSERT INTO `Equipment_Reservation_Database`.`tbl_input_type` (`input_type_id`, `input_type_name`, `comparable`, `visible`, `description`) VALUES (17, 'Item Type', 0, 0, 'The input will be a dropdown of all of the item types.');
INSERT INTO `Equipment_Reservation_Database`.`tbl_input_type` (`input_type_id`, `input_type_name`, `comparable`, `visible`, `description`) VALUES (18, 'Location', 0, 0, 'The input will be a dropdown of all of the locations.');
INSERT INTO `Equipment_Reservation_Database`.`tbl_input_type` (`input_type_id`, `input_type_name`, `comparable`, `visible`, `description`) VALUES (19, 'Log', 0, 0, 'The input will be a dropdown of all of the logs.');
INSERT INTO `Equipment_Reservation_Database`.`tbl_input_type` (`input_type_id`, `input_type_name`, `comparable`, `visible`, `description`) VALUES (20, 'Module', 0, 0, 'The input will be a dropdown of all of the modules.');
INSERT INTO `Equipment_Reservation_Database`.`tbl_input_type` (`input_type_id`, `input_type_name`, `comparable`, `visible`, `description`) VALUES (21, 'Reservation', 0, 0, 'The input will be a dropdown of all of the reservations.');
INSERT INTO `Equipment_Reservation_Database`.`tbl_input_type` (`input_type_id`, `input_type_name`, `comparable`, `visible`, `description`) VALUES (22, 'Reservation Status', 0, 0, 'The input will be a dropdown of all of the reservation statuses.');
INSERT INTO `Equipment_Reservation_Database`.`tbl_input_type` (`input_type_id`, `input_type_name`, `comparable`, `visible`, `description`) VALUES (23, 'Setting', 0, 0, 'The input will be a dropdown of all of the settings.');
INSERT INTO `Equipment_Reservation_Database`.`tbl_input_type` (`input_type_id`, `input_type_name`, `comparable`, `visible`, `description`) VALUES (24, 'Setting Type', 0, 0, 'The input will be a dropdown of all of the setting types.');
INSERT INTO `Equipment_Reservation_Database`.`tbl_input_type` (`input_type_id`, `input_type_name`, `comparable`, `visible`, `description`) VALUES (25, 'System', 0, 0, 'The input will be a dropdown of all of the systems.');
INSERT INTO `Equipment_Reservation_Database`.`tbl_input_type` (`input_type_id`, `input_type_name`, `comparable`, `visible`, `description`) VALUES (26, 'User', 0, 1, 'The input will be a dropdown of all of the users.');
INSERT INTO `Equipment_Reservation_Database`.`tbl_input_type` (`input_type_id`, `input_type_name`, `comparable`, `visible`, `description`) VALUES (27, 'User Role', 0, 0, 'The input will be a dropdown of all of the user types.');
INSERT INTO `Equipment_Reservation_Database`.`tbl_input_type` (`input_type_id`, `input_type_name`, `comparable`, `visible`, `description`) VALUES (28, 'Color', 0, 1, 'The input will be a color value.');
INSERT INTO `Equipment_Reservation_Database`.`tbl_input_type` (`input_type_id`, `input_type_name`, `comparable`, `visible`, `description`) VALUES (29, 'Time Zone', 0, 0, 'The input will be a time zone.');
INSERT INTO `Equipment_Reservation_Database`.`tbl_input_type` (`input_type_id`, `input_type_name`, `comparable`, `visible`, `description`) VALUES (30, 'Date Time', 1, 1, 'The input will be a date and time.');

COMMIT;


-- -----------------------------------------------------
-- Data for table `Equipment_Reservation_Database`.`tbl_login`
-- -----------------------------------------------------
START TRANSACTION;
USE `Equipment_Reservation_Database`;
INSERT INTO `Equipment_Reservation_Database`.`tbl_login` (`user_id`, `password`) VALUES (1, 'sha256:1000:KzTzsmYQpQIVS2Rm3Em1HF2dfA9jHzp5:ztOfc+tjDcO/9jozca8kBoCfe5ghuwhA');
INSERT INTO `Equipment_Reservation_Database`.`tbl_login` (`user_id`, `password`) VALUES (2, 'sha256:1000:KzTzsmYQpQIVS2Rm3Em1HF2dfA9jHzp5:ztOfc+tjDcO/9jozca8kBoCfe5ghuwhA');

COMMIT;


-- -----------------------------------------------------
-- Data for table `Equipment_Reservation_Database`.`tbl_user_role`
-- -----------------------------------------------------
START TRANSACTION;
USE `Equipment_Reservation_Database`;
INSERT INTO `Equipment_Reservation_Database`.`tbl_user_role` (`user_role_id`, `user_role_name`, `user_role_rank`) VALUES (1, 'Super', '0');
INSERT INTO `Equipment_Reservation_Database`.`tbl_user_role` (`user_role_id`, `user_role_name`, `user_role_rank`) VALUES (2, 'Admin', '1');
INSERT INTO `Equipment_Reservation_Database`.`tbl_user_role` (`user_role_id`, `user_role_name`, `user_role_rank`) VALUES (3, 'Agent', '2');
INSERT INTO `Equipment_Reservation_Database`.`tbl_user_role` (`user_role_id`, `user_role_name`, `user_role_rank`) VALUES (4, 'View Only', '3');
INSERT INTO `Equipment_Reservation_Database`.`tbl_user_role` (`user_role_id`, `user_role_name`, `user_role_rank`) VALUES (5, 'Basic', '4');

COMMIT;


-- -----------------------------------------------------
-- Data for table `Equipment_Reservation_Database`.`tbl_reservation_status`
-- -----------------------------------------------------
START TRANSACTION;
USE `Equipment_Reservation_Database`;
INSERT INTO `Equipment_Reservation_Database`.`tbl_reservation_status` (`reservation_status_id`, `reservation_status_name`) VALUES (1, 'Pending');
INSERT INTO `Equipment_Reservation_Database`.`tbl_reservation_status` (`reservation_status_id`, `reservation_status_name`) VALUES (2, 'Ready');
INSERT INTO `Equipment_Reservation_Database`.`tbl_reservation_status` (`reservation_status_id`, `reservation_status_name`) VALUES (3, 'Active');
INSERT INTO `Equipment_Reservation_Database`.`tbl_reservation_status` (`reservation_status_id`, `reservation_status_name`) VALUES (4, 'Closed');
INSERT INTO `Equipment_Reservation_Database`.`tbl_reservation_status` (`reservation_status_id`, `reservation_status_name`) VALUES (5, 'Canceled');

COMMIT;


-- -----------------------------------------------------
-- Data for table `Equipment_Reservation_Database`.`tbl_branch_has_user`
-- -----------------------------------------------------
START TRANSACTION;
USE `Equipment_Reservation_Database`;
INSERT INTO `Equipment_Reservation_Database`.`tbl_branch_has_user` (`branch_has_user_id`, `branch_id`, `user_id`, `user_role_id`, `archived_date`) VALUES (1, 1, 1, 1, NULL);
INSERT INTO `Equipment_Reservation_Database`.`tbl_branch_has_user` (`branch_has_user_id`, `branch_id`, `user_id`, `user_role_id`, `archived_date`) VALUES (2, 1, 2, 5, NULL);

COMMIT;


-- -----------------------------------------------------
-- Data for table `Equipment_Reservation_Database`.`tbl_access`
-- -----------------------------------------------------
START TRANSACTION;
USE `Equipment_Reservation_Database`;
INSERT INTO `Equipment_Reservation_Database`.`tbl_access` (`access_id`, `controller_name`, `action_name`, `display_name`, `visible`) VALUES (1, 'fieldType', 'create', 'Create Field', 1);
INSERT INTO `Equipment_Reservation_Database`.`tbl_access` (`access_id`, `controller_name`, `action_name`, `display_name`, `visible`) VALUES (2, 'fieldType', 'update', 'Update Field', 1);
INSERT INTO `Equipment_Reservation_Database`.`tbl_access` (`access_id`, `controller_name`, `action_name`, `display_name`, `visible`) VALUES (3, 'fieldType', 'remove', 'Remove Field', 1);
INSERT INTO `Equipment_Reservation_Database`.`tbl_access` (`access_id`, `controller_name`, `action_name`, `display_name`, `visible`) VALUES (4, 'item', 'create', 'Create Item', 1);
INSERT INTO `Equipment_Reservation_Database`.`tbl_access` (`access_id`, `controller_name`, `action_name`, `display_name`, `visible`) VALUES (5, 'item', 'remove', 'Remove Item', 1);
INSERT INTO `Equipment_Reservation_Database`.`tbl_access` (`access_id`, `controller_name`, `action_name`, `display_name`, `visible`) VALUES (6, 'item', 'update', 'Update Item', 1);
INSERT INTO `Equipment_Reservation_Database`.`tbl_access` (`access_id`, `controller_name`, `action_name`, `display_name`, `visible`) VALUES (7, 'item', 'display', 'Display Items', 1);
INSERT INTO `Equipment_Reservation_Database`.`tbl_access` (`access_id`, `controller_name`, `action_name`, `display_name`, `visible`) VALUES (8, 'itemStatus', 'create', 'Create Item Status', 1);
INSERT INTO `Equipment_Reservation_Database`.`tbl_access` (`access_id`, `controller_name`, `action_name`, `display_name`, `visible`) VALUES (9, 'itemStatus', 'remove', 'Remove Item Status', 1);
INSERT INTO `Equipment_Reservation_Database`.`tbl_access` (`access_id`, `controller_name`, `action_name`, `display_name`, `visible`) VALUES (10, 'itemStatus', 'update', 'Update Item Status', 1);
INSERT INTO `Equipment_Reservation_Database`.`tbl_access` (`access_id`, `controller_name`, `action_name`, `display_name`, `visible`) VALUES (11, 'itemStatus', 'display', 'Display Item Statuses', 1);
INSERT INTO `Equipment_Reservation_Database`.`tbl_access` (`access_id`, `controller_name`, `action_name`, `display_name`, `visible`) VALUES (12, 'itemType', 'create', 'Create Item Type', 1);
INSERT INTO `Equipment_Reservation_Database`.`tbl_access` (`access_id`, `controller_name`, `action_name`, `display_name`, `visible`) VALUES (13, 'itemType', 'remove', 'Remove Item Type', 1);
INSERT INTO `Equipment_Reservation_Database`.`tbl_access` (`access_id`, `controller_name`, `action_name`, `display_name`, `visible`) VALUES (14, 'itemType', 'update', 'Update Item Type', 1);
INSERT INTO `Equipment_Reservation_Database`.`tbl_access` (`access_id`, `controller_name`, `action_name`, `display_name`, `visible`) VALUES (15, 'itemType', 'display', 'Display Item Types', 1);
INSERT INTO `Equipment_Reservation_Database`.`tbl_access` (`access_id`, `controller_name`, `action_name`, `display_name`, `visible`) VALUES (16, 'location', 'create', 'Create Location', 1);
INSERT INTO `Equipment_Reservation_Database`.`tbl_access` (`access_id`, `controller_name`, `action_name`, `display_name`, `visible`) VALUES (17, 'location', 'remove', 'Remove Location', 1);
INSERT INTO `Equipment_Reservation_Database`.`tbl_access` (`access_id`, `controller_name`, `action_name`, `display_name`, `visible`) VALUES (18, 'location', 'update', 'Update Location', 1);
INSERT INTO `Equipment_Reservation_Database`.`tbl_access` (`access_id`, `controller_name`, `action_name`, `display_name`, `visible`) VALUES (19, 'location', 'display', 'Display Locations', 1);
INSERT INTO `Equipment_Reservation_Database`.`tbl_access` (`access_id`, `controller_name`, `action_name`, `display_name`, `visible`) VALUES (20, 'reservation', 'create', 'Create Reservation', 1);
INSERT INTO `Equipment_Reservation_Database`.`tbl_access` (`access_id`, `controller_name`, `action_name`, `display_name`, `visible`) VALUES (21, 'reservation', 'checkout', 'Checkout Reservation', 1);
INSERT INTO `Equipment_Reservation_Database`.`tbl_access` (`access_id`, `controller_name`, `action_name`, `display_name`, `visible`) VALUES (22, 'reservation', 'close', 'Close Reservation', 1);
INSERT INTO `Equipment_Reservation_Database`.`tbl_access` (`access_id`, `controller_name`, `action_name`, `display_name`, `visible`) VALUES (23, 'reservation', 'update', 'Update Reservation', 1);
INSERT INTO `Equipment_Reservation_Database`.`tbl_access` (`access_id`, `controller_name`, `action_name`, `display_name`, `visible`) VALUES (24, 'reservation', 'agreement', 'Reservation Agreement', 0);
INSERT INTO `Equipment_Reservation_Database`.`tbl_access` (`access_id`, `controller_name`, `action_name`, `display_name`, `visible`) VALUES (25, 'search', 'search', 'Search', 1);
INSERT INTO `Equipment_Reservation_Database`.`tbl_access` (`access_id`, `controller_name`, `action_name`, `display_name`, `visible`) VALUES (26, 'account', 'index', 'Account', 1);
INSERT INTO `Equipment_Reservation_Database`.`tbl_access` (`access_id`, `controller_name`, `action_name`, `display_name`, `visible`) VALUES (27, 'branch', 'index', 'Branch', 0);
INSERT INTO `Equipment_Reservation_Database`.`tbl_access` (`access_id`, `controller_name`, `action_name`, `display_name`, `visible`) VALUES (28, 'branch', 'dashboard', 'Dashboard', 0);
INSERT INTO `Equipment_Reservation_Database`.`tbl_access` (`access_id`, `controller_name`, `action_name`, `display_name`, `visible`) VALUES (29, 'branch', 'access', 'Role Management', 1);
INSERT INTO `Equipment_Reservation_Database`.`tbl_access` (`access_id`, `controller_name`, `action_name`, `display_name`, `visible`) VALUES (30, 'branch', 'settings', 'Branch Settings', 1);
INSERT INTO `Equipment_Reservation_Database`.`tbl_access` (`access_id`, `controller_name`, `action_name`, `display_name`, `visible`) VALUES (31, 'user', 'create', 'Create User', 1);
INSERT INTO `Equipment_Reservation_Database`.`tbl_access` (`access_id`, `controller_name`, `action_name`, `display_name`, `visible`) VALUES (32, 'user', 'remove', 'Remove User', 1);
INSERT INTO `Equipment_Reservation_Database`.`tbl_access` (`access_id`, `controller_name`, `action_name`, `display_name`, `visible`) VALUES (33, 'user', 'update', 'Update User', 1);
INSERT INTO `Equipment_Reservation_Database`.`tbl_access` (`access_id`, `controller_name`, `action_name`, `display_name`, `visible`) VALUES (34, 'user', 'display', 'Display Users', 1);
INSERT INTO `Equipment_Reservation_Database`.`tbl_access` (`access_id`, `controller_name`, `action_name`, `display_name`, `visible`) VALUES (35, 'report', 'reservation', 'Report Reservations', 1);
INSERT INTO `Equipment_Reservation_Database`.`tbl_access` (`access_id`, `controller_name`, `action_name`, `display_name`, `visible`) VALUES (36, 'report', 'item', 'Report Items', 1);
INSERT INTO `Equipment_Reservation_Database`.`tbl_access` (`access_id`, `controller_name`, `action_name`, `display_name`, `visible`) VALUES (37, 'reservation', 'cancel', 'Cancel Reservation', 1);
INSERT INTO `Equipment_Reservation_Database`.`tbl_access` (`access_id`, `controller_name`, `action_name`, `display_name`, `visible`) VALUES (38, 'reservation', 'display', 'Display Reservations', 1);

COMMIT;


-- -----------------------------------------------------
-- Data for table `Equipment_Reservation_Database`.`tbl_user_role_has_access`
-- -----------------------------------------------------
START TRANSACTION;
USE `Equipment_Reservation_Database`;
INSERT INTO `Equipment_Reservation_Database`.`tbl_user_role_has_access` (`user_role_has_access_id`, `user_role_id`, `access_id`) VALUES (1, 1, 1);
INSERT INTO `Equipment_Reservation_Database`.`tbl_user_role_has_access` (`user_role_has_access_id`, `user_role_id`, `access_id`) VALUES (2, 1, 2);
INSERT INTO `Equipment_Reservation_Database`.`tbl_user_role_has_access` (`user_role_has_access_id`, `user_role_id`, `access_id`) VALUES (3, 1, 3);
INSERT INTO `Equipment_Reservation_Database`.`tbl_user_role_has_access` (`user_role_has_access_id`, `user_role_id`, `access_id`) VALUES (4, 1, 4);
INSERT INTO `Equipment_Reservation_Database`.`tbl_user_role_has_access` (`user_role_has_access_id`, `user_role_id`, `access_id`) VALUES (5, 1, 5);
INSERT INTO `Equipment_Reservation_Database`.`tbl_user_role_has_access` (`user_role_has_access_id`, `user_role_id`, `access_id`) VALUES (6, 1, 6);
INSERT INTO `Equipment_Reservation_Database`.`tbl_user_role_has_access` (`user_role_has_access_id`, `user_role_id`, `access_id`) VALUES (7, 1, 7);
INSERT INTO `Equipment_Reservation_Database`.`tbl_user_role_has_access` (`user_role_has_access_id`, `user_role_id`, `access_id`) VALUES (8, 1, 8);
INSERT INTO `Equipment_Reservation_Database`.`tbl_user_role_has_access` (`user_role_has_access_id`, `user_role_id`, `access_id`) VALUES (9, 1, 9);
INSERT INTO `Equipment_Reservation_Database`.`tbl_user_role_has_access` (`user_role_has_access_id`, `user_role_id`, `access_id`) VALUES (10, 1, 10);
INSERT INTO `Equipment_Reservation_Database`.`tbl_user_role_has_access` (`user_role_has_access_id`, `user_role_id`, `access_id`) VALUES (11, 1, 11);
INSERT INTO `Equipment_Reservation_Database`.`tbl_user_role_has_access` (`user_role_has_access_id`, `user_role_id`, `access_id`) VALUES (12, 1, 12);
INSERT INTO `Equipment_Reservation_Database`.`tbl_user_role_has_access` (`user_role_has_access_id`, `user_role_id`, `access_id`) VALUES (13, 1, 13);
INSERT INTO `Equipment_Reservation_Database`.`tbl_user_role_has_access` (`user_role_has_access_id`, `user_role_id`, `access_id`) VALUES (14, 1, 14);
INSERT INTO `Equipment_Reservation_Database`.`tbl_user_role_has_access` (`user_role_has_access_id`, `user_role_id`, `access_id`) VALUES (15, 1, 15);
INSERT INTO `Equipment_Reservation_Database`.`tbl_user_role_has_access` (`user_role_has_access_id`, `user_role_id`, `access_id`) VALUES (16, 1, 16);
INSERT INTO `Equipment_Reservation_Database`.`tbl_user_role_has_access` (`user_role_has_access_id`, `user_role_id`, `access_id`) VALUES (17, 1, 17);
INSERT INTO `Equipment_Reservation_Database`.`tbl_user_role_has_access` (`user_role_has_access_id`, `user_role_id`, `access_id`) VALUES (18, 1, 18);
INSERT INTO `Equipment_Reservation_Database`.`tbl_user_role_has_access` (`user_role_has_access_id`, `user_role_id`, `access_id`) VALUES (19, 1, 19);
INSERT INTO `Equipment_Reservation_Database`.`tbl_user_role_has_access` (`user_role_has_access_id`, `user_role_id`, `access_id`) VALUES (20, 1, 20);
INSERT INTO `Equipment_Reservation_Database`.`tbl_user_role_has_access` (`user_role_has_access_id`, `user_role_id`, `access_id`) VALUES (21, 1, 21);
INSERT INTO `Equipment_Reservation_Database`.`tbl_user_role_has_access` (`user_role_has_access_id`, `user_role_id`, `access_id`) VALUES (22, 1, 22);
INSERT INTO `Equipment_Reservation_Database`.`tbl_user_role_has_access` (`user_role_has_access_id`, `user_role_id`, `access_id`) VALUES (23, 1, 23);
INSERT INTO `Equipment_Reservation_Database`.`tbl_user_role_has_access` (`user_role_has_access_id`, `user_role_id`, `access_id`) VALUES (24, 1, 24);
INSERT INTO `Equipment_Reservation_Database`.`tbl_user_role_has_access` (`user_role_has_access_id`, `user_role_id`, `access_id`) VALUES (25, 1, 25);
INSERT INTO `Equipment_Reservation_Database`.`tbl_user_role_has_access` (`user_role_has_access_id`, `user_role_id`, `access_id`) VALUES (26, 1, 26);
INSERT INTO `Equipment_Reservation_Database`.`tbl_user_role_has_access` (`user_role_has_access_id`, `user_role_id`, `access_id`) VALUES (27, 1, 27);
INSERT INTO `Equipment_Reservation_Database`.`tbl_user_role_has_access` (`user_role_has_access_id`, `user_role_id`, `access_id`) VALUES (28, 1, 28);
INSERT INTO `Equipment_Reservation_Database`.`tbl_user_role_has_access` (`user_role_has_access_id`, `user_role_id`, `access_id`) VALUES (29, 1, 29);
INSERT INTO `Equipment_Reservation_Database`.`tbl_user_role_has_access` (`user_role_has_access_id`, `user_role_id`, `access_id`) VALUES (30, 1, 30);
INSERT INTO `Equipment_Reservation_Database`.`tbl_user_role_has_access` (`user_role_has_access_id`, `user_role_id`, `access_id`) VALUES (31, 1, 31);
INSERT INTO `Equipment_Reservation_Database`.`tbl_user_role_has_access` (`user_role_has_access_id`, `user_role_id`, `access_id`) VALUES (32, 1, 32);
INSERT INTO `Equipment_Reservation_Database`.`tbl_user_role_has_access` (`user_role_has_access_id`, `user_role_id`, `access_id`) VALUES (33, 1, 33);
INSERT INTO `Equipment_Reservation_Database`.`tbl_user_role_has_access` (`user_role_has_access_id`, `user_role_id`, `access_id`) VALUES (34, 1, 34);
INSERT INTO `Equipment_Reservation_Database`.`tbl_user_role_has_access` (`user_role_has_access_id`, `user_role_id`, `access_id`) VALUES (35, 3, 15);
INSERT INTO `Equipment_Reservation_Database`.`tbl_user_role_has_access` (`user_role_has_access_id`, `user_role_id`, `access_id`) VALUES (36, 1, 16);
INSERT INTO `Equipment_Reservation_Database`.`tbl_user_role_has_access` (`user_role_has_access_id`, `user_role_id`, `access_id`) VALUES (37, 2, 16);
INSERT INTO `Equipment_Reservation_Database`.`tbl_user_role_has_access` (`user_role_has_access_id`, `user_role_id`, `access_id`) VALUES (38, 3, 16);
INSERT INTO `Equipment_Reservation_Database`.`tbl_user_role_has_access` (`user_role_has_access_id`, `user_role_id`, `access_id`) VALUES (39, 1, 17);
INSERT INTO `Equipment_Reservation_Database`.`tbl_user_role_has_access` (`user_role_has_access_id`, `user_role_id`, `access_id`) VALUES (40, 2, 17);
INSERT INTO `Equipment_Reservation_Database`.`tbl_user_role_has_access` (`user_role_has_access_id`, `user_role_id`, `access_id`) VALUES (41, 3, 17);
INSERT INTO `Equipment_Reservation_Database`.`tbl_user_role_has_access` (`user_role_has_access_id`, `user_role_id`, `access_id`) VALUES (42, 1, 18);
INSERT INTO `Equipment_Reservation_Database`.`tbl_user_role_has_access` (`user_role_has_access_id`, `user_role_id`, `access_id`) VALUES (43, 2, 18);
INSERT INTO `Equipment_Reservation_Database`.`tbl_user_role_has_access` (`user_role_has_access_id`, `user_role_id`, `access_id`) VALUES (44, 3, 18);
INSERT INTO `Equipment_Reservation_Database`.`tbl_user_role_has_access` (`user_role_has_access_id`, `user_role_id`, `access_id`) VALUES (45, 1, 19);
INSERT INTO `Equipment_Reservation_Database`.`tbl_user_role_has_access` (`user_role_has_access_id`, `user_role_id`, `access_id`) VALUES (46, 2, 19);
INSERT INTO `Equipment_Reservation_Database`.`tbl_user_role_has_access` (`user_role_has_access_id`, `user_role_id`, `access_id`) VALUES (47, 3, 19);
INSERT INTO `Equipment_Reservation_Database`.`tbl_user_role_has_access` (`user_role_has_access_id`, `user_role_id`, `access_id`) VALUES (48, 1, 20);
INSERT INTO `Equipment_Reservation_Database`.`tbl_user_role_has_access` (`user_role_has_access_id`, `user_role_id`, `access_id`) VALUES (49, 2, 20);
INSERT INTO `Equipment_Reservation_Database`.`tbl_user_role_has_access` (`user_role_has_access_id`, `user_role_id`, `access_id`) VALUES (50, 3, 20);
INSERT INTO `Equipment_Reservation_Database`.`tbl_user_role_has_access` (`user_role_has_access_id`, `user_role_id`, `access_id`) VALUES (51, 1, 21);
INSERT INTO `Equipment_Reservation_Database`.`tbl_user_role_has_access` (`user_role_has_access_id`, `user_role_id`, `access_id`) VALUES (52, 2, 21);
INSERT INTO `Equipment_Reservation_Database`.`tbl_user_role_has_access` (`user_role_has_access_id`, `user_role_id`, `access_id`) VALUES (53, 3, 21);
INSERT INTO `Equipment_Reservation_Database`.`tbl_user_role_has_access` (`user_role_has_access_id`, `user_role_id`, `access_id`) VALUES (54, 1, 22);
INSERT INTO `Equipment_Reservation_Database`.`tbl_user_role_has_access` (`user_role_has_access_id`, `user_role_id`, `access_id`) VALUES (55, 2, 22);
INSERT INTO `Equipment_Reservation_Database`.`tbl_user_role_has_access` (`user_role_has_access_id`, `user_role_id`, `access_id`) VALUES (56, 3, 22);
INSERT INTO `Equipment_Reservation_Database`.`tbl_user_role_has_access` (`user_role_has_access_id`, `user_role_id`, `access_id`) VALUES (57, 1, 23);
INSERT INTO `Equipment_Reservation_Database`.`tbl_user_role_has_access` (`user_role_has_access_id`, `user_role_id`, `access_id`) VALUES (58, 2, 23);
INSERT INTO `Equipment_Reservation_Database`.`tbl_user_role_has_access` (`user_role_has_access_id`, `user_role_id`, `access_id`) VALUES (59, 3, 23);
INSERT INTO `Equipment_Reservation_Database`.`tbl_user_role_has_access` (`user_role_has_access_id`, `user_role_id`, `access_id`) VALUES (60, 1, 24);
INSERT INTO `Equipment_Reservation_Database`.`tbl_user_role_has_access` (`user_role_has_access_id`, `user_role_id`, `access_id`) VALUES (61, 2, 24);
INSERT INTO `Equipment_Reservation_Database`.`tbl_user_role_has_access` (`user_role_has_access_id`, `user_role_id`, `access_id`) VALUES (62, 3, 24);
INSERT INTO `Equipment_Reservation_Database`.`tbl_user_role_has_access` (`user_role_has_access_id`, `user_role_id`, `access_id`) VALUES (63, 1, 25);
INSERT INTO `Equipment_Reservation_Database`.`tbl_user_role_has_access` (`user_role_has_access_id`, `user_role_id`, `access_id`) VALUES (64, 2, 25);
INSERT INTO `Equipment_Reservation_Database`.`tbl_user_role_has_access` (`user_role_has_access_id`, `user_role_id`, `access_id`) VALUES (65, 3, 25);
INSERT INTO `Equipment_Reservation_Database`.`tbl_user_role_has_access` (`user_role_has_access_id`, `user_role_id`, `access_id`) VALUES (66, 1, 26);
INSERT INTO `Equipment_Reservation_Database`.`tbl_user_role_has_access` (`user_role_has_access_id`, `user_role_id`, `access_id`) VALUES (67, 2, 26);
INSERT INTO `Equipment_Reservation_Database`.`tbl_user_role_has_access` (`user_role_has_access_id`, `user_role_id`, `access_id`) VALUES (68, 3, 26);
INSERT INTO `Equipment_Reservation_Database`.`tbl_user_role_has_access` (`user_role_has_access_id`, `user_role_id`, `access_id`) VALUES (69, 1, 27);
INSERT INTO `Equipment_Reservation_Database`.`tbl_user_role_has_access` (`user_role_has_access_id`, `user_role_id`, `access_id`) VALUES (70, 2, 27);
INSERT INTO `Equipment_Reservation_Database`.`tbl_user_role_has_access` (`user_role_has_access_id`, `user_role_id`, `access_id`) VALUES (71, 3, 27);
INSERT INTO `Equipment_Reservation_Database`.`tbl_user_role_has_access` (`user_role_has_access_id`, `user_role_id`, `access_id`) VALUES (72, 1, 28);
INSERT INTO `Equipment_Reservation_Database`.`tbl_user_role_has_access` (`user_role_has_access_id`, `user_role_id`, `access_id`) VALUES (73, 2, 28);
INSERT INTO `Equipment_Reservation_Database`.`tbl_user_role_has_access` (`user_role_has_access_id`, `user_role_id`, `access_id`) VALUES (74, 3, 28);
INSERT INTO `Equipment_Reservation_Database`.`tbl_user_role_has_access` (`user_role_has_access_id`, `user_role_id`, `access_id`) VALUES (75, 1, 29);
INSERT INTO `Equipment_Reservation_Database`.`tbl_user_role_has_access` (`user_role_has_access_id`, `user_role_id`, `access_id`) VALUES (76, 2, 29);
INSERT INTO `Equipment_Reservation_Database`.`tbl_user_role_has_access` (`user_role_has_access_id`, `user_role_id`, `access_id`) VALUES (77, 3, 29);
INSERT INTO `Equipment_Reservation_Database`.`tbl_user_role_has_access` (`user_role_has_access_id`, `user_role_id`, `access_id`) VALUES (78, 1, 30);
INSERT INTO `Equipment_Reservation_Database`.`tbl_user_role_has_access` (`user_role_has_access_id`, `user_role_id`, `access_id`) VALUES (79, 2, 30);
INSERT INTO `Equipment_Reservation_Database`.`tbl_user_role_has_access` (`user_role_has_access_id`, `user_role_id`, `access_id`) VALUES (80, 3, 30);
INSERT INTO `Equipment_Reservation_Database`.`tbl_user_role_has_access` (`user_role_has_access_id`, `user_role_id`, `access_id`) VALUES (81, 1, 10);
INSERT INTO `Equipment_Reservation_Database`.`tbl_user_role_has_access` (`user_role_has_access_id`, `user_role_id`, `access_id`) VALUES (82, 2, 10);
INSERT INTO `Equipment_Reservation_Database`.`tbl_user_role_has_access` (`user_role_has_access_id`, `user_role_id`, `access_id`) VALUES (83, 3, 10);
INSERT INTO `Equipment_Reservation_Database`.`tbl_user_role_has_access` (`user_role_has_access_id`, `user_role_id`, `access_id`) VALUES (84, 4, 10);
INSERT INTO `Equipment_Reservation_Database`.`tbl_user_role_has_access` (`user_role_has_access_id`, `user_role_id`, `access_id`) VALUES (85, 5, 10);
INSERT INTO `Equipment_Reservation_Database`.`tbl_user_role_has_access` (`user_role_has_access_id`, `user_role_id`, `access_id`) VALUES (86, 1, 31);
INSERT INTO `Equipment_Reservation_Database`.`tbl_user_role_has_access` (`user_role_has_access_id`, `user_role_id`, `access_id`) VALUES (87, 1, 32);
INSERT INTO `Equipment_Reservation_Database`.`tbl_user_role_has_access` (`user_role_has_access_id`, `user_role_id`, `access_id`) VALUES (88, 1, 33);
INSERT INTO `Equipment_Reservation_Database`.`tbl_user_role_has_access` (`user_role_has_access_id`, `user_role_id`, `access_id`) VALUES (89, 1, 34);
INSERT INTO `Equipment_Reservation_Database`.`tbl_user_role_has_access` (`user_role_has_access_id`, `user_role_id`, `access_id`) VALUES (90, 1, 35);
INSERT INTO `Equipment_Reservation_Database`.`tbl_user_role_has_access` (`user_role_has_access_id`, `user_role_id`, `access_id`) VALUES (91, 1, 36);
INSERT INTO `Equipment_Reservation_Database`.`tbl_user_role_has_access` (`user_role_has_access_id`, `user_role_id`, `access_id`) VALUES (92, 1, 37);
INSERT INTO `Equipment_Reservation_Database`.`tbl_user_role_has_access` (`user_role_has_access_id`, `user_role_id`, `access_id`) VALUES (93, 1, 38);

COMMIT;


-- -----------------------------------------------------
-- Data for table `Equipment_Reservation_Database`.`tbl_branch_has_access`
-- -----------------------------------------------------
START TRANSACTION;
USE `Equipment_Reservation_Database`;
INSERT INTO `Equipment_Reservation_Database`.`tbl_branch_has_access` (`branch_has_access_id`, `branch_id`, `access_id`, `archived_date`) VALUES (1, 1, 1, NULL);
INSERT INTO `Equipment_Reservation_Database`.`tbl_branch_has_access` (`branch_has_access_id`, `branch_id`, `access_id`, `archived_date`) VALUES (2, 1, 2, NULL);
INSERT INTO `Equipment_Reservation_Database`.`tbl_branch_has_access` (`branch_has_access_id`, `branch_id`, `access_id`, `archived_date`) VALUES (3, 1, 3, NULL);
INSERT INTO `Equipment_Reservation_Database`.`tbl_branch_has_access` (`branch_has_access_id`, `branch_id`, `access_id`, `archived_date`) VALUES (4, 1, 4, NULL);
INSERT INTO `Equipment_Reservation_Database`.`tbl_branch_has_access` (`branch_has_access_id`, `branch_id`, `access_id`, `archived_date`) VALUES (5, 1, 5, NULL);
INSERT INTO `Equipment_Reservation_Database`.`tbl_branch_has_access` (`branch_has_access_id`, `branch_id`, `access_id`, `archived_date`) VALUES (6, 1, 6, NULL);
INSERT INTO `Equipment_Reservation_Database`.`tbl_branch_has_access` (`branch_has_access_id`, `branch_id`, `access_id`, `archived_date`) VALUES (7, 1, 7, NULL);
INSERT INTO `Equipment_Reservation_Database`.`tbl_branch_has_access` (`branch_has_access_id`, `branch_id`, `access_id`, `archived_date`) VALUES (8, 1, 8, NULL);
INSERT INTO `Equipment_Reservation_Database`.`tbl_branch_has_access` (`branch_has_access_id`, `branch_id`, `access_id`, `archived_date`) VALUES (9, 1, 9, NULL);
INSERT INTO `Equipment_Reservation_Database`.`tbl_branch_has_access` (`branch_has_access_id`, `branch_id`, `access_id`, `archived_date`) VALUES (10, 1, 10, NULL);
INSERT INTO `Equipment_Reservation_Database`.`tbl_branch_has_access` (`branch_has_access_id`, `branch_id`, `access_id`, `archived_date`) VALUES (11, 1, 11, NULL);
INSERT INTO `Equipment_Reservation_Database`.`tbl_branch_has_access` (`branch_has_access_id`, `branch_id`, `access_id`, `archived_date`) VALUES (12, 1, 12, NULL);
INSERT INTO `Equipment_Reservation_Database`.`tbl_branch_has_access` (`branch_has_access_id`, `branch_id`, `access_id`, `archived_date`) VALUES (13, 1, 13, NULL);
INSERT INTO `Equipment_Reservation_Database`.`tbl_branch_has_access` (`branch_has_access_id`, `branch_id`, `access_id`, `archived_date`) VALUES (14, 1, 14, NULL);
INSERT INTO `Equipment_Reservation_Database`.`tbl_branch_has_access` (`branch_has_access_id`, `branch_id`, `access_id`, `archived_date`) VALUES (15, 1, 15, NULL);
INSERT INTO `Equipment_Reservation_Database`.`tbl_branch_has_access` (`branch_has_access_id`, `branch_id`, `access_id`, `archived_date`) VALUES (16, 1, 16, NULL);
INSERT INTO `Equipment_Reservation_Database`.`tbl_branch_has_access` (`branch_has_access_id`, `branch_id`, `access_id`, `archived_date`) VALUES (17, 1, 17, NULL);
INSERT INTO `Equipment_Reservation_Database`.`tbl_branch_has_access` (`branch_has_access_id`, `branch_id`, `access_id`, `archived_date`) VALUES (18, 1, 18, NULL);
INSERT INTO `Equipment_Reservation_Database`.`tbl_branch_has_access` (`branch_has_access_id`, `branch_id`, `access_id`, `archived_date`) VALUES (19, 1, 19, NULL);
INSERT INTO `Equipment_Reservation_Database`.`tbl_branch_has_access` (`branch_has_access_id`, `branch_id`, `access_id`, `archived_date`) VALUES (20, 1, 20, NULL);
INSERT INTO `Equipment_Reservation_Database`.`tbl_branch_has_access` (`branch_has_access_id`, `branch_id`, `access_id`, `archived_date`) VALUES (21, 1, 21, NULL);
INSERT INTO `Equipment_Reservation_Database`.`tbl_branch_has_access` (`branch_has_access_id`, `branch_id`, `access_id`, `archived_date`) VALUES (22, 1, 22, NULL);
INSERT INTO `Equipment_Reservation_Database`.`tbl_branch_has_access` (`branch_has_access_id`, `branch_id`, `access_id`, `archived_date`) VALUES (23, 1, 23, NULL);
INSERT INTO `Equipment_Reservation_Database`.`tbl_branch_has_access` (`branch_has_access_id`, `branch_id`, `access_id`, `archived_date`) VALUES (24, 1, 24, NULL);
INSERT INTO `Equipment_Reservation_Database`.`tbl_branch_has_access` (`branch_has_access_id`, `branch_id`, `access_id`, `archived_date`) VALUES (25, 1, 25, NULL);
INSERT INTO `Equipment_Reservation_Database`.`tbl_branch_has_access` (`branch_has_access_id`, `branch_id`, `access_id`, `archived_date`) VALUES (26, 1, 26, NULL);
INSERT INTO `Equipment_Reservation_Database`.`tbl_branch_has_access` (`branch_has_access_id`, `branch_id`, `access_id`, `archived_date`) VALUES (27, 1, 27, NULL);
INSERT INTO `Equipment_Reservation_Database`.`tbl_branch_has_access` (`branch_has_access_id`, `branch_id`, `access_id`, `archived_date`) VALUES (28, 1, 28, NULL);
INSERT INTO `Equipment_Reservation_Database`.`tbl_branch_has_access` (`branch_has_access_id`, `branch_id`, `access_id`, `archived_date`) VALUES (29, 1, 29, NULL);
INSERT INTO `Equipment_Reservation_Database`.`tbl_branch_has_access` (`branch_has_access_id`, `branch_id`, `access_id`, `archived_date`) VALUES (30, 1, 30, NULL);
INSERT INTO `Equipment_Reservation_Database`.`tbl_branch_has_access` (`branch_has_access_id`, `branch_id`, `access_id`, `archived_date`) VALUES (31, 1, 31, NULL);
INSERT INTO `Equipment_Reservation_Database`.`tbl_branch_has_access` (`branch_has_access_id`, `branch_id`, `access_id`, `archived_date`) VALUES (32, 1, 32, NULL);
INSERT INTO `Equipment_Reservation_Database`.`tbl_branch_has_access` (`branch_has_access_id`, `branch_id`, `access_id`, `archived_date`) VALUES (33, 1, 33, NULL);
INSERT INTO `Equipment_Reservation_Database`.`tbl_branch_has_access` (`branch_has_access_id`, `branch_id`, `access_id`, `archived_date`) VALUES (34, 1, 34, NULL);
INSERT INTO `Equipment_Reservation_Database`.`tbl_branch_has_access` (`branch_has_access_id`, `branch_id`, `access_id`, `archived_date`) VALUES (35, 1, 35, NULL);
INSERT INTO `Equipment_Reservation_Database`.`tbl_branch_has_access` (`branch_has_access_id`, `branch_id`, `access_id`, `archived_date`) VALUES (36, 1, 36, NULL);
INSERT INTO `Equipment_Reservation_Database`.`tbl_branch_has_access` (`branch_has_access_id`, `branch_id`, `access_id`, `archived_date`) VALUES (37, 1, 37, NULL);
INSERT INTO `Equipment_Reservation_Database`.`tbl_branch_has_access` (`branch_has_access_id`, `branch_id`, `access_id`, `archived_date`) VALUES (38, 1, 38, NULL);

COMMIT;


-- -----------------------------------------------------
-- Data for table `Equipment_Reservation_Database`.`tbl_setting_type`
-- -----------------------------------------------------
START TRANSACTION;
USE `Equipment_Reservation_Database`;
INSERT INTO `Equipment_Reservation_Database`.`tbl_setting_type` (`setting_type_id`, `input_type_id`, `setting_type_name`, `description`) VALUES (1, 1, 'Item Name', 'A specific name for your items, such as \"Equipment\" or \"Room\".');
INSERT INTO `Equipment_Reservation_Database`.`tbl_setting_type` (`setting_type_id`, `input_type_id`, `setting_type_name`, `description`) VALUES (2, 29, 'Time Zone', 'The timezone of the branch.');
INSERT INTO `Equipment_Reservation_Database`.`tbl_setting_type` (`setting_type_id`, `input_type_id`, `setting_type_name`, `description`) VALUES (3, 28, 'Reservation Status Color', 'A custom color to represent a reservation status.');
INSERT INTO `Equipment_Reservation_Database`.`tbl_setting_type` (`setting_type_id`, `input_type_id`, `setting_type_name`, `description`) VALUES (4, 8, 'Reservation Length', 'The length for reservations.');

COMMIT;


-- -----------------------------------------------------
-- Data for table `Equipment_Reservation_Database`.`tbl_setting`
-- -----------------------------------------------------
START TRANSACTION;
USE `Equipment_Reservation_Database`;
INSERT INTO `Equipment_Reservation_Database`.`tbl_setting` (`setting_id`, `branch_id`, `setting_type_id`, `setting_name`, `setting_value`, `setting_attribute`, `setting_activated`) VALUES (1, 1, 1, 'Item Name', 'Item', '', 1);
INSERT INTO `Equipment_Reservation_Database`.`tbl_setting` (`setting_id`, `branch_id`, `setting_type_id`, `setting_name`, `setting_value`, `setting_attribute`, `setting_activated`) VALUES (2, 1, 2, 'Time Zone', 'US/Eastern', '', 1);
INSERT INTO `Equipment_Reservation_Database`.`tbl_setting` (`setting_id`, `branch_id`, `setting_type_id`, `setting_name`, `setting_value`, `setting_attribute`, `setting_activated`) VALUES (3, 1, 3, 'Reservation Pending Color', '#94BD7B', 'Pending', 1);
INSERT INTO `Equipment_Reservation_Database`.`tbl_setting` (`setting_id`, `branch_id`, `setting_type_id`, `setting_name`, `setting_value`, `setting_attribute`, `setting_activated`) VALUES (4, 1, 3, 'Reservation Ready Color', '#397B21', 'Ready', 1);
INSERT INTO `Equipment_Reservation_Database`.`tbl_setting` (`setting_id`, `branch_id`, `setting_type_id`, `setting_name`, `setting_value`, `setting_attribute`, `setting_activated`) VALUES (5, 1, 3, 'Reservation Active Color', '#E76363', 'Active', 1);
INSERT INTO `Equipment_Reservation_Database`.`tbl_setting` (`setting_id`, `branch_id`, `setting_type_id`, `setting_name`, `setting_value`, `setting_attribute`, `setting_activated`) VALUES (6, 1, 3, 'Reservation Overdue Color', '#F7AD6B', 'Overdue', 1);
INSERT INTO `Equipment_Reservation_Database`.`tbl_setting` (`setting_id`, `branch_id`, `setting_type_id`, `setting_name`, `setting_value`, `setting_attribute`, `setting_activated`) VALUES (7, 1, 3, 'Reservation Closed Color', '#9C9C9C', 'Closed', 1);
INSERT INTO `Equipment_Reservation_Database`.`tbl_setting` (`setting_id`, `branch_id`, `setting_type_id`, `setting_name`, `setting_value`, `setting_attribute`, `setting_activated`) VALUES (8, 1, 3, 'Reservation Canceled Color', '#6BADDE', 'Canceled', 1);
INSERT INTO `Equipment_Reservation_Database`.`tbl_setting` (`setting_id`, `branch_id`, `setting_type_id`, `setting_name`, `setting_value`, `setting_attribute`, `setting_activated`) VALUES (9, 1, 4, 'Max Reservation Time', '20000', 'max', 1);
INSERT INTO `Equipment_Reservation_Database`.`tbl_setting` (`setting_id`, `branch_id`, `setting_type_id`, `setting_name`, `setting_value`, `setting_attribute`, `setting_activated`) VALUES (10, 1, 4, 'Min Reservation Time', '1', 'min', 1);

COMMIT;


-- -----------------------------------------------------
-- Data for table `Equipment_Reservation_Database`.`tbl_system_has_user`
-- -----------------------------------------------------
START TRANSACTION;
USE `Equipment_Reservation_Database`;
INSERT INTO `Equipment_Reservation_Database`.`tbl_system_has_user` (`system_has_user`, `system_id`, `user_id`, `user_role_id`) VALUES (1, 1, 1, 1);

COMMIT;


-- -----------------------------------------------------
-- Data for table `Equipment_Reservation_Database`.`tbl_branch_has_user_role`
-- -----------------------------------------------------
START TRANSACTION;
USE `Equipment_Reservation_Database`;
INSERT INTO `Equipment_Reservation_Database`.`tbl_branch_has_user_role` (`branch_has_user_role_id`, `branch_id`, `user_role_id`, `archived_date`) VALUES (1, 1, 1, NULL);
INSERT INTO `Equipment_Reservation_Database`.`tbl_branch_has_user_role` (`branch_has_user_role_id`, `branch_id`, `user_role_id`, `archived_date`) VALUES (2, 1, 2, NULL);
INSERT INTO `Equipment_Reservation_Database`.`tbl_branch_has_user_role` (`branch_has_user_role_id`, `branch_id`, `user_role_id`, `archived_date`) VALUES (3, 1, 3, NULL);
INSERT INTO `Equipment_Reservation_Database`.`tbl_branch_has_user_role` (`branch_has_user_role_id`, `branch_id`, `user_role_id`, `archived_date`) VALUES (4, 1, 4, NULL);
INSERT INTO `Equipment_Reservation_Database`.`tbl_branch_has_user_role` (`branch_has_user_role_id`, `branch_id`, `user_role_id`, `archived_date`) VALUES (5, 1, 5, NULL);

COMMIT;

